/** 20171101 菜单列表 **/
INSERT INTO `role_menu` (`menu_id`, `menu_name`, `menu_url`, `parent_id`, `sort`, `ctime`, `utime`, `is_delete`) VALUES 
('47','机器人管理','',NULL,'0','1509504612','1509504612','1'),
('48','注册信息列表','/regInfoList','47','0','1509506465','1509506465','1'),
('49','机器人列表','/robotList','47','0','1509612316','1509612316','1'),
('50','机器人配置','/robotConfig','47','0','1510217130','1510217130','1'),
('51', '机器人语句列表', '/robotTalkInfoList', '47', '0', '1511245517', '1511245517', '1');

/** 20171124 robot_config 机器人运行参数初始化数据 **/
INSERT INTO `robot_config` (`config_id`,`type`,`patent_ename`,`child_ename`,`cname`,`default_val`,`val`,`remark`,`ctime`,`utime`,`is_delete`) VALUES 
(1,0,'ROBOT_PARENT_ORDERNUM:','ROBOT_CHILD_FOLLOW','关注次数最大值','2','2','随机产生关注的最大次数[x：表示从0-(x-1)中随机取一个数，默认值：2]',1511334594,1511334594,1),
(2,0,'ROBOT_PARENT_ORDERNUM:','ROBOT_CHILD_SHARE','分享次数最大值','4','4','随机产生分享的最大次数[x：表示从0-(x-1)中随机取一个数，默认值：4]',1511334594,1511334594,1),
(3,0,'ROBOT_PARENT_ORDERNUM:','ROBOT_CHILD_BIGGIFT','大礼物次数最大值','2','2','随机产生送大礼物的最大次数[x：表示从0-(x-1)中随机取一个数，默认值：2]',1511334594,1511334594,1),
(4,0,'ROBOT_PARENT_ORDERNUM:','ROBOT_CHILD_MEDIUMGIFT','中等礼物次数最大值','3','3','随机产生送中等礼物的最大次数[x：表示从0-(x-1)中随机取一个数，默认值：3]',1511334594,1511334594,1),
(5,0,'ROBOT_PARENT_ORDERNUM:','ROBOT_CHILD_SMALLGIFT','小礼物次数最大值','11','11','随机产生送小礼物的最大次数[x：表示从0-(x-1)中随机取一个数，默认值：11]',1511334594,1511334594,1),
(6,0,'ROBOT_PARENT_ORDERNUM:','ROBOT_CHILD_ORDINARYMSG','普通消息次数最大值','15','15','随机发送发普通消息的最大次数[x：表示从0-(x-1)中随机取一个数，默认值：15]',1511334594,1511334594,1),
(7,0,'ROBOT_PARENT_ORDERNUM:','ROBOT_CHILD_BARRAGEMSG','弹幕次数最大值','10','10','随机发送发弹幕普通消息的最大次数[x：表示从0-(x-1)中随机取一个数，默认值：10]',1511334594,1511334594,1),
(8,0,'ROBOT_PARENT_ORDERNUM:','ROBOT_CHILD_SMALLGIFTBURSTS','小礼物连击次数最大值','11','11','随机获取小礼物连击的最大次数[x：表示从0-(x-1)中随机取一个数，默认值：11]',1511334594,1511334594,1),
(9,1,'ROBOT_INIT_PARAM:','ROBOT_INSTRUCTION_SLEEP_TIME','指令执行沉睡时间(秒)','61','31','各指令执行中沉睡时间的最大值[x：表示从0-(x-1)中随机取一个数，默认值：61秒]',1511334594,1511334594,1),
(10,1,'ROBOT_INIT_PARAM:','ROBOT_THREAD_ALLOT_SLEEP_TIME','多线程分配时沉睡间隔时间(秒)','61','61','随机获取多线程分配时沉睡间隔时间(61：表示0-60秒之间随机取一个数)',1511334594,1511334594,1),
(11,1,'ROBOT_INIT_PARAM:','ROBOT_MATCH_RATIO','机器人与房间配比率(?/1)','10','10','机器人与房间配比率(?/1),即每个房间最大机器人数，默认值：10',1511334594,1511334594,1),
(12,1,'ROBOT_INIT_PARAM:','ROBOT_START_TIME','机器人启动时间(时:分)','09:00','09:00','机器人启动时间(时:分)，24小时时间制，默认值：09:00',1511334594,1511334594,1),
(13,1,'ROBOT_INIT_PARAM:','ROBOT_STOP_TIME','机器人停止时间(时:分)','21:00','21:00','机器人停止时间(时:分)，24小时时间制，默认值：21:00',1511334594,1511334594,1),
(14,1,'ROBOT_INIT_PARAM:','ROBOT_IS_START','是否启动机器人:1是;2否','2','1','是否启动机器人:1是;2否，默认值：2',1511334594,1511334594,1),
(15,1,'ROBOT_INIT_PARAM:','ROBOT_THREAD_POOL_MAX_SIZE','线程池最大值','100','50','线程池任务数初始化最大值，默认值：100，建议最大值：服务器核心数 * 线程数',1511334594,1511334594,1),
(16,1,'ROBOT_INIT_PARAM:','ROBOT_THREAD_MAX_ACTIVATE_SIZE','激活线程最大值','16','7','允许线程任务数激活最大值，默认值：16，建议最大值：服务器核心数 * 线程数',1511334594,1511334594,1);

/** 20171122 robot_talk_info 机器人语句初始化数据 **/
INSERT INTO `robot_talk_info` (`info_id`,`talk_type`,`is_group`,`sentence_type`,`sentence_purpose`,`sex`,`isgroup_num`,`talk_content`,`ctime`,`utime`,`is_delete`) VALUES (1509690479100000,4,2,1,1,0,0,'这个主播还是比较漂亮的，值得关注',1509701832,1509701832,1),(1509690479100001,1,2,1,2,1,0,'主播，我帮你分享吧',1509701832,1509701832,1),(1509690479100002,2,2,1,3,1,0,'各位，我先吃饭去咯，88~',1509701832,1509701832,1),(1509690479100003,1,2,3,4,1,0,'主播你简直就是我梦中情人！',1509701832,1509701832,1),(1509690479100004,2,2,3,5,0,0,'都特么进房间不说了，我擦！',1509701832,1509701832,1),(1509690479100005,2,2,2,6,0,0,'老子今天赢了8万多，有没有更多的？',1509701832,1511149700,1),(1509690479100006,1,2,2,7,1,0,'主播，默默地问你有男朋友吗^=^',1509701832,1509701832,1),(1509690479100007,4,2,1,1,0,0,'主播漂亮值得关注',1509701832,1509701832,1),(1509690479100008,1,2,1,2,1,0,'主播需要我分享不',1509701832,1509701832,1),(1509690479100009,2,2,1,3,1,0,'先吃饭88~',1509701832,1509701832,1),(1509690479100010,1,2,3,4,1,0,'主播你做我情吧！',1509701832,1509701832,1),(1509690479100011,2,2,3,5,0,0,'都特么进房间不说话！',1509701832,1509701832,1),(1509690479100012,2,2,2,6,0,0,'老子今天输的12万，有没有更惨的？',1509701832,1511149700,1),(1509690479100013,1,2,1,7,0,0,'主播你有男朋友不',1509701832,1509701832,1),(1509690479100014,4,2,1,1,0,0,'漂亮主播关注下哈',1509701832,1509701832,1),(1509690479100015,1,2,1,2,1,0,'漂亮主播分享下哈',1509701832,1509701832,1),(1509690479100016,2,2,1,3,1,0,'七饭起饭咯',1509701832,1509701832,1),(1509690479100017,1,2,3,4,1,0,'想和主播做情侣，l',1509701832,1509701832,1),(1509690479100018,2,2,3,5,0,0,'来来来，聊天了！',1509701832,1509701832,1),(1509690479100019,2,2,2,6,0,0,'主播，呀什么好？',1509701832,1511149700,1),(1509690479100020,1,2,1,7,0,0,'主播一看就没男友',1509701832,1509701832,1),(1509690479100021,4,2,1,1,0,0,'关注是一种爱',1509701832,1509701832,1),(1509690479100022,1,2,1,2,1,0,'分享也是一种爱',1509701832,1509701832,1),(1509690479100023,2,2,1,3,1,0,'吃饭时间到了',1509701832,1509701832,1),(1509690479100024,1,2,3,4,1,0,'求情人一枚',1509701832,1509701832,1),(1509690479100025,2,2,3,5,0,0,'oh，天啦，都没人说话！',1509701832,1509701832,1),(1509690479100026,2,2,2,6,0,0,'主播你玩过竞猜没？',1509701832,1511149700,1),(1509690479100027,1,2,2,7,1,0,'主播你有情人不',1509701832,1509701832,1),(1509690479100028,4,2,1,1,0,0,'收藏下主播，哈哈',1509701832,1509701832,1),(1509690479100029,1,2,1,2,1,0,'分享下主播，哈哈',1509701832,1509701832,1),(1509690479100030,2,2,1,3,1,0,'中午吃啥呢',1509701832,1509701832,1),(1509690479100031,1,2,3,4,1,0,'主播需要包养不',1509701832,1509701832,1),(1509690479100032,2,2,3,5,0,0,'主播开竞猜玩吧！',1509701832,1509701832,1),(1509690479100033,2,2,2,6,0,0,'竞猜有没有规律？',1509701832,1511149700,1),(1509690479100034,1,2,1,7,1,0,'主播你有老公不啊',1509701832,1509701832,1),(1509690479100035,4,2,1,1,0,0,'关注你了，主播',1509701832,1509701832,1),(1509690479100036,1,2,1,2,1,0,'分享了，主播',1509701832,1509701832,1),(1509690479100037,2,2,1,3,1,0,'吃饭走起',1509701832,1509701832,1),(1509690479100038,1,2,3,4,1,0,'主播你包养我把',1509701832,1509701832,1),(1509690479100039,2,2,3,5,0,0,'主播教我玩竞猜吧！',1509701832,1509701832,1),(1509690479100040,2,2,2,6,0,0,'竞猜怎么玩了？',1509701832,1511149700,1),(1509690479100041,1,2,1,7,1,0,'你=有男人不，主播',1509701832,1509701832,1),(1509690479100042,4,2,1,1,0,0,'已关注，主播',1509701832,1509701832,1),(1509690479100043,1,2,1,2,1,0,'已分享，主播',1509701832,1509701832,1),(1509690479100044,2,2,1,3,1,0,'饿的肚子咕咕叫了',1509701832,1509701832,1),(1509690479100045,1,2,3,4,1,0,'主播求包养',1509701832,1509701832,1),(1509690479100046,2,2,3,5,0,0,'主播跳个舞吧！',1509701832,1509701832,1),(1509690479100047,2,2,2,6,0,0,'又没哟路玩竞猜输了的？',1509701832,1511149700,1),(1509690479100048,1,2,1,7,0,0,'感觉和主播是天生一对',1509701832,1509701832,1),(1509690479100049,4,2,1,1,0,0,'必须的关注下',1509701832,1509701832,1),(1509690479100050,1,2,1,2,1,0,'必须得分享下',1509701832,1509701832,1),(1509690479100051,2,2,1,3,1,0,'主播请我吃饭去吧',1509701832,1509701832,1),(1509690479100052,1,2,3,4,1,0,'求主播做我情人',1509701832,1509701832,1),(1509690479100053,2,2,3,5,0,0,'主播，要气氛，得跳舞！',1509701832,1509701832,1),(1509690479100054,2,2,2,6,0,0,'今天输的太惨了，是我运气不好？',1509701832,1511149700,1),(1509690479100055,1,2,2,8,0,0,'你有没有老公啊',1509701832,1509701832,1),(1509690479100056,1,2,1,8,0,0,'一看你就没男友',1509701832,1509701832,1),(1509690479100057,1,2,2,8,0,0,'有男朋友不',1509701832,1509701832,1),(1509690479100058,1,2,2,8,0,0,'默默地问你有男朋友吗。。。',1509701832,1509701832,1),(1509690479100059,1,2,2,8,0,0,'你有情人不、',1509701832,1509701832,1),(1509690479100060,1,2,2,8,0,0,'你有喜欢的人吗啊',1509701832,1509701832,1),(1509690479100061,1,2,1,8,0,0,'感觉和你是天生一对，啊哈哈',1509701832,1509701832,1),(1509690479100080,1,2,1,7,0,0,'6',1509701832,1509701832,1),(1509690479100081,1,2,1,7,0,0,'66',1509701832,1509701832,1),(1509690479100082,1,2,1,7,0,0,'666',1509701832,1509701832,1),(1509690479100083,1,2,1,7,0,0,'6666',1509701832,1509701832,1),(1509690479100084,1,2,1,7,0,0,'66666',1509701832,1509701832,1),(1509690479100085,1,2,1,7,0,0,'666666',1509701832,1509701832,1),(1509690479100086,1,2,1,7,0,0,'6666666',1509701832,1509701832,1),(1509690479100087,1,2,1,7,0,0,'66666666',1509701832,1509701832,1),(1509690479100088,1,2,1,7,0,0,'666666666',1509701832,1509701832,1),(1509690479100089,1,2,1,7,0,0,'6666666666',1509701832,1509701832,1),(1509690479100090,1,2,1,7,0,0,'66666666666',1509701832,1509701832,1),(1509690479100091,1,2,1,8,0,0,'6',1509701832,1509701832,1),(1509690479100092,1,2,1,8,0,0,'66',1509701832,1509701832,1),(1509690479100093,1,2,1,8,0,0,'666',1509701832,1509701832,1),(1509690479100094,1,2,1,8,0,0,'6666',1509701832,1509701832,1),(1509690479100095,1,2,1,8,0,0,'66666',1509701832,1509701832,1),(1509690479100096,1,2,1,8,0,0,'666666',1509701832,1509701832,1),(1509690479100097,1,2,1,8,0,0,'6666666',1509701832,1509701832,1),(1509690479100098,1,2,1,8,0,0,'66666666',1509701832,1509701832,1),(1509690479100099,1,2,1,8,0,0,'666666666',1509701832,1509701832,1),(1509690479100100,1,2,1,8,0,0,'6666666666',1509701832,1509701832,1),(1509690479100101,1,2,1,8,0,0,'66666666666',1509701832,1509701832,1),(1509690479100120,1,2,1,7,0,0,'（┭┮﹏┭┮）',1509701832,1509701832,1),(1509690479100121,1,2,1,7,0,0,'✪ω✪',1509701832,1509701832,1),(1509690479100122,1,2,1,7,0,0,'( ◉ืൠ◉ื)',1509701832,1509701832,1),(1509690479100123,1,2,1,7,0,0,'ʅ（◞‸◟）ʃ',1509701832,1509701832,1),(1509690479100124,1,2,1,7,0,0,'(｡◝‿◜｡)',1509701832,1509701832,1),(1509690479100125,1,2,1,7,0,0,'(´◞⊖◟`)',1509701832,1509701832,1),(1509690479100126,1,2,1,7,0,0,'︶ε╰✿',1509701832,1509701832,1),(1509690479100127,1,2,1,7,0,0,'o‿≖✧',1509701832,1509701832,1),(1509690479100128,1,2,1,7,0,0,'( ◔ ڼ ◔ )',1509701832,1509701832,1),(1509690479100129,1,2,1,7,0,0,'(ಠ .̫.̫ ಠ)',1509701832,1509701832,1),(1509690479100130,1,2,1,7,0,0,'í﹏ì',1509701832,1509701832,1),(1509690479100131,1,2,1,7,0,0,'(。≖ˇェˇ≖｡)',1509701832,1509701832,1),(1509690479100132,1,2,1,7,0,0,'┗(´D`* (´D`*(´D`*)┛',1509701832,1509701832,1),(1509690479100133,1,2,1,7,0,0,'( ´◔ ‸◔`)',1509701832,1509701832,1),(1509690479100134,1,2,1,7,0,0,'ㄟ(◑‿◐ )ㄏ',1509701832,1509701832,1),(1509690479100135,1,2,1,7,0,0,'⊙.⊙',1509701832,1509701832,1),(1509690479100136,1,2,1,7,0,0,'”(*´ｪ`*)”',1509701832,1509701832,1),(1509690479100137,1,2,1,7,0,0,'<(▰˘◡˘▰)>',1509701832,1509701832,1),(1509690479100138,1,2,1,7,0,0,'(●\'●)ﾉ♥',1509701832,1509701832,1),(1509690479100139,1,2,1,7,0,0,'(・ω< )★',1509701832,1509701832,1),(1509690479100140,1,2,1,7,0,0,'(☍﹏⁰)',1509701832,1509701832,1),(1509690479100141,1,2,1,7,0,0,'(｡◕ˇ∀ˇ◕）',1509701832,1509701832,1),(1509690479100142,1,2,1,7,0,0,'(♥◠‿◠)ﾉ',1509701832,1509701832,1),(1509690479100143,1,2,1,7,0,0,'٩(●̮̮̃●̃)۶',1509701832,1509701832,1),(1509690479100144,1,2,1,7,0,0,'٩(•̮̮̃•̃)۶',1509701832,1509701832,1),(1509690479100145,1,2,1,7,0,0,'٩(-̮̮̃-̃)۶',1509701832,1509701832,1),(1509690479100146,1,2,1,7,0,0,'٩(●̮̮̃•̃)۶',1509701832,1509701832,1),(1509690479100147,1,2,1,7,0,0,'٩(-̮̮̃•̃)۶',1509701832,1509701832,1),(1509690479100148,1,2,1,7,0,0,'٩(×̯×)۶',1509701832,1509701832,1),(1509690479100149,1,2,1,7,0,0,'٩͡[๏̯͡๏]۶',1509701832,1509701832,1),(1509690479100150,1,2,1,7,0,0,'~Ⴚ(●ტ●)Ⴢ~',1509701832,1509701832,1),(1509690479100151,1,2,1,7,0,0,'✧ (≖ ‿ ≖)✧',1509701832,1509701832,1),(1509690479100152,1,2,1,7,0,0,'✪ω✪',1509701832,1509701832,1),(1509690479100153,1,2,1,7,0,0,'ℰ⋆‿⋆ℰ',1509701832,1509701832,1),(1509690479100154,1,2,1,7,0,0,'இwஇ',1509701832,1509701832,1),(1509690479100155,1,2,1,7,0,0,'థ౪థ',1509701832,1509701832,1),(1509690479100156,1,2,1,7,0,0,'(,,Ծ‸Ծ,,)',1509701832,1509701832,1),(1509690479100157,1,2,1,7,0,0,'(๑◕ܫ￩๑)b',1509701832,1509701832,1),(1509690479100158,1,2,1,7,0,0,'ლ(╹◡╹ლ )',1509701832,1509701832,1),(1509690479100159,1,2,1,7,0,0,'／人◕ ‿‿ ◕人＼',1509701832,1509701832,1),(1509690479100160,1,2,1,7,0,0,'ಠ_ಠ',1509701832,1509701832,1),(1509690479100161,1,2,1,7,0,0,'(๑°3°๑)',1509701832,1509701832,1),(1509690479100162,1,2,1,7,0,0,'(˘❥˘)',1509701832,1509701832,1),(1509690479100163,1,2,1,7,0,0,'(๑꒪◞౪◟꒪๑)',1509701832,1509701832,1),(1509690479100164,1,2,1,7,0,0,'(๑￫ܫ￩)',1509701832,1509701832,1),(1509690479100165,1,2,1,7,0,0,'｡◕‿◕｡',1509701832,1509701832,1),(1509690479100166,1,2,1,7,0,0,'(╬▔＾▔)凸',1509701832,1509701832,1),(1509690479100167,1,2,1,7,0,0,'(*ﾟｪﾟ*)',1509701832,1509701832,1),(1509690479100168,1,2,1,7,0,0,'(# 罒╭─╮罒 #)',1509701832,1509701832,1),(1509690479100169,1,2,1,7,0,0,'(๑꒪◞౪◟꒪๑)',1509701832,1509701832,1),(1509690479100170,1,2,1,7,0,0,'ლↀѡↀლ',1509701832,1509701832,1),(1509690479100171,1,2,1,7,0,0,'v( ^-^(ё_ёゝ',1509701832,1509701832,1),(1509690479100172,1,2,1,7,0,0,'✷(ꇐ‿ꇐ)✷',1509701832,1509701832,1),(1509690479100173,1,2,1,8,0,0,'（┭┮﹏┭┮）',1509701832,1509701832,1),(1509690479100174,1,2,1,8,0,0,'✪ω✪',1509701832,1509701832,1),(1509690479100175,1,2,1,8,0,0,'( ◉ืൠ◉ื)',1509701832,1509701832,1),(1509690479100176,1,2,1,8,0,0,'ʅ（◞‸◟）ʃ',1509701832,1509701832,1),(1509690479100177,1,2,1,8,0,0,'(｡◝‿◜｡)',1509701832,1509701832,1),(1509690479100178,1,2,1,8,0,0,'(´◞⊖◟`)',1509701832,1509701832,1),(1509690479100179,1,2,1,8,0,0,'︶ε╰✿',1509701832,1509701832,1),(1509690479100180,1,2,1,8,0,0,'o‿≖✧',1509701832,1509701832,1),(1509690479100181,1,2,1,8,0,0,'( ◔ ڼ ◔ )',1509701832,1509701832,1),(1509690479100182,1,2,1,8,0,0,'(ಠ .̫.̫ ಠ)',1509701832,1509701832,1),(1509690479100183,1,2,1,8,0,0,'í﹏ì',1509701832,1509701832,1),(1509690479100184,1,2,1,8,0,0,'(。≖ˇェˇ≖｡)',1509701832,1509701832,1),(1509690479100185,1,2,1,8,0,0,'┗(´D`* (´D`*(´D`*)┛',1509701832,1509701832,1),(1509690479100186,1,2,1,8,0,0,'( ´◔ ‸◔`)',1509701832,1509701832,1),(1509690479100187,1,2,1,8,0,0,'ㄟ(◑‿◐ )ㄏ',1509701832,1509701832,1),(1509690479100188,1,2,1,8,0,0,'⊙.⊙',1509701832,1509701832,1),(1509690479100189,1,2,1,8,0,0,'”(*´ｪ`*)”',1509701832,1509701832,1),(1509690479100190,1,2,1,8,0,0,'<(▰˘◡˘▰)>',1509701832,1509701832,1),(1509690479100191,1,2,1,8,0,0,'(●\'●)ﾉ♥',1509701832,1509701832,1),(1509690479100192,1,2,1,8,0,0,'(・ω< )★',1509701832,1509701832,1),(1509690479100193,1,2,1,8,0,0,'(☍﹏⁰)',1509701832,1509701832,1),(1509690479100194,1,2,1,8,0,0,'(｡◕ˇ∀ˇ◕）',1509701832,1509701832,1),(1509690479100195,1,2,1,8,0,0,'(♥◠‿◠)ﾉ',1509701832,1509701832,1),(1509690479100196,1,2,1,8,0,0,'٩(●̮̮̃●̃)۶',1509701832,1509701832,1),(1509690479100197,1,2,1,8,0,0,'٩(•̮̮̃•̃)۶',1509701832,1509701832,1),(1509690479100198,1,2,1,8,0,0,'٩(-̮̮̃-̃)۶',1509701832,1509701832,1),(1509690479100199,1,2,1,8,0,0,'٩(●̮̮̃•̃)۶',1509701832,1509701832,1),(1509690479100200,1,2,1,8,0,0,'٩(-̮̮̃•̃)۶',1509701832,1509701832,1),(1509690479100201,1,2,1,8,0,0,'٩(×̯×)۶',1509701832,1509701832,1),(1509690479100202,1,2,1,8,0,0,'٩͡[๏̯͡๏]۶',1509701832,1509701832,1),(1509690479100203,1,2,1,8,0,0,'~Ⴚ(●ტ●)Ⴢ~',1509701832,1509701832,1),(1509690479100204,1,2,1,8,0,0,'✧ (≖ ‿ ≖)✧',1509701832,1509701832,1),(1509690479100205,1,2,1,8,0,0,'✪ω✪',1509701832,1509701832,1),(1509690479100206,1,2,1,8,0,0,'ℰ⋆‿⋆ℰ',1509701832,1509701832,1),(1509690479100207,1,2,1,8,0,0,'இwஇ',1509701832,1509701832,1),(1509690479100208,1,2,1,8,0,0,'థ౪థ',1509701832,1509701832,1),(1509690479100209,1,2,1,8,0,0,'(,,Ծ‸Ծ,,)',1509701832,1509701832,1),(1509690479100210,1,2,1,8,0,0,'(๑◕ܫ￩๑)b',1509701832,1509701832,1),(1509690479100211,1,2,1,8,0,0,'ლ(╹◡╹ლ )',1509701832,1509701832,1),(1509690479100212,1,2,1,8,0,0,'／人◕ ‿‿ ◕人＼',1509701832,1509701832,1),(1509690479100213,1,2,1,8,0,0,'ಠ_ಠ',1509701832,1509701832,1),(1509690479100214,1,2,1,8,0,0,'(๑°3°๑)',1509701832,1509701832,1),(1509690479100215,1,2,1,8,0,0,'(˘❥˘)',1509701832,1509701832,1),(1509690479100216,1,2,1,8,0,0,'(๑꒪◞౪◟꒪๑)',1509701832,1509701832,1),(1509690479100217,1,2,1,8,0,0,'(๑￫ܫ￩)',1509701832,1509701832,1),(1509690479100218,1,2,1,8,0,0,'｡◕‿◕｡',1509701832,1509701832,1),(1509690479100219,1,2,1,8,0,0,'(╬▔＾▔)凸',1509701832,1509701832,1),(1509690479100220,1,2,1,8,0,0,'(*ﾟｪﾟ*)',1509701832,1509701832,1),(1509690479100221,1,2,1,8,0,0,'(# 罒╭─╮罒 #)',1509701832,1509701832,1),(1509690479100222,1,2,1,8,0,0,'(๑꒪◞౪◟꒪๑)',1509701832,1509701832,1),(1509690479100223,1,2,1,8,0,0,'ლↀѡↀლ',1509701832,1509701832,1),(1509690479100224,1,2,1,8,0,0,'v( ^-^(ё_ёゝ',1509701832,1509701832,1),(1509690479100225,1,2,1,8,0,0,'✷(ꇐ‿ꇐ)✷',1509701832,1509701832,1),(1509690479100226,1,2,1,8,0,0,'老司机带带我',1509701832,1509701832,1),(1509690479100227,1,2,1,8,0,0,'一言不合就飙车',1509701832,1509701832,1),(1509690479100228,1,2,1,8,0,0,'友谊的小船说翻就翻',1509701832,1509701832,1),(1509690479100229,1,2,1,8,0,0,'这盛世 如你所愿',1509701832,1509701832,1),(1509690479100230,1,2,1,8,0,0,'这届人民不行',1509701832,1509701832,1),(1509690479100231,1,2,1,8,0,0,'坟头草已经一米多高了',1509701832,1509701832,1),(1509690479100232,1,2,1,8,0,0,'你开心就好',1509701832,1509701832,1),(1509690479100233,1,2,1,8,0,0,'这逼装的我给满分',1509701832,1509701832,1),(1509690479100234,1,2,1,8,0,0,'我裤子都脱了你就让我看这个',1509701832,1509701832,1),(1509690479100235,1,2,1,8,0,0,'伐开心要包包',1509701832,1509701832,1),(1509690479100236,1,2,1,8,0,0,'葛优躺',1509701832,1509701832,1),(1509690479100237,1,2,1,7,0,0,'老司机带带我',1509701832,1509701832,1),(1509690479100238,1,2,1,7,0,0,'一言不合就飙车',1509701832,1509701832,1),(1509690479100239,1,2,1,7,0,0,'友谊的小船说翻就翻',1509701832,1509701832,1),(1509690479100240,1,2,1,7,0,0,'这盛世 如你所愿',1509701832,1509701832,1),(1509690479100241,1,2,1,7,0,0,'这届人民不行',1509701832,1509701832,1),(1509690479100242,1,2,1,7,0,0,'坟头草已经一米多高了',1509701832,1509701832,1),(1509690479100243,1,2,1,7,0,0,'你开心就好',1509701832,1509701832,1),(1509690479100244,1,2,1,7,0,0,'这逼装的我给满分',1509701832,1509701832,1),(1509690479100245,1,2,1,7,0,0,'我裤子都脱了你就让我看这个',1509701832,1509701832,1),(1509690479100246,1,2,1,7,0,0,'伐开心要包包',1509701832,1509701832,1),(1509690479100247,1,2,1,7,0,0,'葛优躺',1509701832,1511316514,1),(1511407666255920,1,1,1,1,0,1,'埃维昂所多',1511408430,1511408430,1);

/** 20171122 robot_reg_info 机器人初始化数据 **/
INSERT INTO `robot_reg_info` (`robot_user_id`,`robot_login_id`,`robot_name`,`robot_sex`,`robot_photo`,`robot_grade`,`is_usable`,`is_use`,`ctime`,`utime`,`is_delete`) VALUES (10000010,'12310000010','么么哒o3o',0,'https://lmfile.tvlongmao.com/10000010.jpg',4,1,2,1510114883,1511405006,1),(10000011,'12310000011','壊先笙罓3罓',1,'https://lmfile.tvlongmao.com/10000011.jpg',24,1,2,1510114883,1511405006,1),(10000012,'12310000012','﹏、嘟尛嘴〆',1,'https://lmfile.tvlongmao.com/10000012.jpg',2,1,2,1510114883,1511405006,1),(10000013,'12310000013','℡吻得太逼真',1,'https://lmfile.tvlongmao.com/10000013.jpg',6,1,2,1510114883,1511405007,1),(10000014,'12310000014','ぺ灬cc果冻',1,'https://lmfile.tvlongmao.com/10000014.jpg',4,1,2,1510114883,1511405007,1),(10000015,'12310000015','叮咯咙咚呛ベ',1,'https://lmfile.tvlongmao.com/10000015.jpg',0,1,2,1510114884,1511405007,1),(10000016,'12310000016','在哭泣中坚强',1,'https://lmfile.tvlongmao.com/10000016.jpg',9,1,2,1510114884,1511405007,1),(10000017,'12310000017','┊緈┊﹎諨﹎',1,'https://lmfile.tvlongmao.com/10000017.jpg',10,1,2,1510114884,1511405008,1),(10000018,'12310000018','一杯』清茶＂',1,'https://lmfile.tvlongmao.com/10000018.jpg',11,1,2,1510114884,1511405008,1),(10000019,'12310000019','隬敦道阳光线',0,'https://lmfile.tvlongmao.com/10000019.jpg',17,1,2,1510114884,1511405008,1),(10000020,'12310000020','君为丶荭颜恋',1,'https://lmfile.tvlongmao.com/10000020.jpg',5,1,2,1510114884,1511405008,1),(10000021,'12310000021','感情刀下鬼丶',1,'https://lmfile.tvlongmao.com/10000021.jpg',1,1,2,1510114884,1511405009,1),(10000022,'12310000022','「废铁超人」',1,'https://lmfile.tvlongmao.com/10000022.jpg',16,1,2,1510114885,1511405009,1),(10000023,'12310000023','盒子里的貓°',1,'https://lmfile.tvlongmao.com/10000023.jpg',2,1,2,1510114885,1511405009,1),(10000024,'12310000024','风云丿灬潮男',1,'https://lmfile.tvlongmao.com/10000024.jpg',2,1,2,1510114885,1511405009,1),(10000025,'12310000025','光膀丶走天下',1,'https://lmfile.tvlongmao.com/10000025.jpg',7,1,2,1510114885,1511405010,1),(10000026,'12310000026','丶各种无奈丶',1,'https://lmfile.tvlongmao.com/10000026.jpg',5,1,2,1510114885,1511405010,1),(10000027,'12310000027','秀逗的张狂。',1,'https://lmfile.tvlongmao.com/10000027.jpg',5,1,2,1510114885,1511405010,1),(10000028,'12310000028','%神赐予力量',0,'https://lmfile.tvlongmao.com/10000028.jpg',11,1,2,1510114885,1511405010,1),(10000029,'12310000029','不必、谁懂我',1,'https://lmfile.tvlongmao.com/10000029.jpg',14,1,2,1510114886,1511405011,1),(10000030,'12310000030','够狠才是男人',1,'https://lmfile.tvlongmao.com/10000030.jpg',13,1,2,1510114886,1511405011,1),(10000031,'12310000031','将时间。停止',1,'https://lmfile.tvlongmao.com/10000031.jpg',11,1,2,1510114886,1511405011,1),(10000032,'12310000032','无需昵称装饰',1,'https://lmfile.tvlongmao.com/10000032.jpg',1,1,2,1510114886,1511405011,1),(10000033,'12310000033','天亮灬说再见',0,'https://lmfile.tvlongmao.com/10000033.jpg',12,1,2,1510114886,1511405012,1),(10000034,'12310000034','不会说话的嘴',0,'https://lmfile.tvlongmao.com/10000034.jpg',6,1,2,1510114886,1511405012,1),(10000035,'12310000035','比你爸有样〆',1,'https://lmfile.tvlongmao.com/10000035.jpg',25,1,2,1510114886,1511405012,1),(10000036,'12310000036','女人何苦犯贱',1,'https://lmfile.tvlongmao.com/10000036.jpg',4,1,2,1510114887,1511405012,1),(10000037,'12310000037','早已゛逝去的',1,'https://lmfile.tvlongmao.com/10000037.jpg',14,1,2,1510114887,1511405013,1),(10000038,'12310000038','我是偷心女贼',1,'https://lmfile.tvlongmao.com/10000038.jpg',6,1,2,1510114887,1511405013,1),(10000039,'12310000039','゛煙花雨悸╮',1,'https://lmfile.tvlongmao.com/10000039.jpg',13,1,2,1510114887,1511405013,1),(10000040,'12310000040','泪灬雨れxˉ',1,'https://lmfile.tvlongmao.com/10000040.jpg',14,1,2,1510114887,1511405013,1),(10000041,'12310000041','紫色°的妖媚',1,'https://lmfile.tvlongmao.com/10000041.jpg',21,1,2,1510114887,1511405014,1),(10000042,'12310000042','一朵女人花丶',1,'https://lmfile.tvlongmao.com/10000042.jpg',8,1,2,1510114887,1511405014,1),(10000043,'12310000043','卐﹏时钟兔づ',1,'https://lmfile.tvlongmao.com/10000043.jpg',11,1,2,1510114888,1511405014,1),(10000044,'12310000044','谁掉落了悲殇',1,'https://lmfile.tvlongmao.com/10000044.jpg',8,1,2,1510114888,1511405014,1),(10000045,'12310000045','。几度秋凉べ',1,'https://lmfile.tvlongmao.com/10000045.jpg',2,1,2,1510114888,1511405015,1),(10000046,'12310000046','_べ默默☆.',1,'https://lmfile.tvlongmao.com/10000046.jpg',10,1,2,1510114888,1511405015,1),(10000047,'12310000047','她似命却是梦',0,'https://lmfile.tvlongmao.com/10000047.jpg',20,1,2,1510114888,1511405015,1),(10000048,'12310000048','跳海自尽的鱼',1,'https://lmfile.tvlongmao.com/10000048.jpg',14,1,2,1510114888,1511405015,1),(10000049,'12310000049','╰錯覺0oゞ',1,'https://lmfile.tvlongmao.com/10000049.jpg',14,1,2,1510114888,1511405016,1),(10000050,'12310000050','再見ろ、往事',1,'https://lmfile.tvlongmao.com/10000050.jpg',3,1,2,1510114889,1511405016,1),(10000051,'12310000051','投河自尽的鱼',1,'https://lmfile.tvlongmao.com/10000051.jpg',1,1,2,1510114889,1511405016,1),(10000052,'12310000052','爱你不如爱狗',1,'https://lmfile.tvlongmao.com/10000052.jpg',15,1,2,1510114889,1511405016,1),(10000053,'12310000053','雨后、云初霁',1,'https://lmfile.tvlongmao.com/10000053.jpg',8,1,2,1510114889,1511405016,1),(10000054,'12310000054','一抹晚夏`★',1,'https://lmfile.tvlongmao.com/10000054.jpg',8,1,2,1510114889,1511405017,1),(10000055,'12310000055','ˊ婲开在秋季',0,'https://lmfile.tvlongmao.com/10000055.jpg',17,1,2,1510114889,1511405017,1),(10000056,'12310000056','罗密欧煮伱爷',1,'https://lmfile.tvlongmao.com/10000056.jpg',13,1,2,1510114889,1511405017,1),(10000057,'12310000057','久旱逢干露露',1,'https://lmfile.tvlongmao.com/10000057.jpg',2,1,2,1510114890,1511405017,1),(10000058,'12310000058','犯贱者杀无赦',1,'https://lmfile.tvlongmao.com/10000058.jpg',11,1,2,1510114890,1511405018,1),(10000059,'12310000059','出租半张床〃',1,'https://lmfile.tvlongmao.com/10000059.jpg',5,1,2,1510114890,1511405018,1),(10000060,'12310000060','哎哟_你好坏',1,'https://lmfile.tvlongmao.com/10000060.jpg',14,1,2,1510114890,1511405018,1),(10000061,'12310000061','唱国歌也跑调',1,'https://lmfile.tvlongmao.com/10000061.jpg',6,1,2,1510114890,1511405018,1),(10000062,'12310000062','对着天空说操',1,'https://lmfile.tvlongmao.com/10000062.jpg',16,1,2,1510114890,1511405018,1),(10000063,'12310000063','小鸡鸡炖蘑菇',1,'https://lmfile.tvlongmao.com/10000063.jpg',11,1,2,1510114890,1511405019,1),(10000064,'12310000064','长痘痘用肛泰',1,'https://lmfile.tvlongmao.com/10000064.jpg',3,1,2,1510114890,1511405019,1),(10000065,'12310000065','忘不了就去死',1,'https://lmfile.tvlongmao.com/10000065.jpg',10,1,2,1510114891,1511405019,1),(10000066,'12310000066','℡假面公主〆',1,'https://lmfile.tvlongmao.com/10000066.jpg',0,1,2,1510114891,1511405019,1),(10000067,'12310000067','▍凉城无爱〆',1,'https://lmfile.tvlongmao.com/10000067.jpg',8,1,2,1510114891,1511405020,1),(10000068,'12310000068','と守望幸福つ',1,'https://lmfile.tvlongmao.com/10000068.jpg',6,1,2,1510114891,1511405020,1),(10000069,'12310000069','人情薄如纸、',1,'https://lmfile.tvlongmao.com/10000069.jpg',10,1,2,1510114891,1511405020,1),(10000070,'12310000070','与悲伤有染*',1,'https://lmfile.tvlongmao.com/10000070.jpg',2,1,2,1510114891,1511405020,1),(10000071,'12310000071','蹲厕ら唱国歌',1,'https://lmfile.tvlongmao.com/10000071.jpg',6,1,2,1510114891,1511405021,1),(10000072,'12310000072','失你失心失魂',1,'https://lmfile.tvlongmao.com/10000072.jpg',8,1,2,1510114892,1511405021,1),(10000073,'12310000073','苯苯の尐潴?',0,'https://lmfile.tvlongmao.com/10000073.jpg',1,1,2,1510114892,1511405021,1),(10000074,'12310000074','瞌睡潴zZZ',1,'https://lmfile.tvlongmao.com/10000074.jpg',9,1,2,1510114892,1511405021,1),(10000075,'12310000075','叭咪呗呗哄#',1,'https://lmfile.tvlongmao.com/10000075.jpg',20,1,2,1510114892,1511405021,1),(10000076,'12310000076','误入菊花深处',0,'https://lmfile.tvlongmao.com/10000076.jpg',12,1,2,1510114892,1511405022,1),(10000077,'12310000077','◥查无此人◤',0,'https://lmfile.tvlongmao.com/10000077.jpg',7,1,2,1510114892,1511405022,1),(10000078,'12310000078','灭婊大队队长',1,'https://lmfile.tvlongmao.com/10000078.jpg',14,1,2,1510114893,1511405022,1),(10000079,'12310000079','超短裙の夏天',1,'https://lmfile.tvlongmao.com/10000079.jpg',6,1,2,1510114893,1511405022,1),(10000080,'12310000080','999K纯帅',1,'https://lmfile.tvlongmao.com/10000080.jpg',2,1,2,1510114893,1511405023,1),(10000081,'12310000081','Δ冷暖自知゜',1,'https://lmfile.tvlongmao.com/10000081.jpg',0,1,2,1510114893,1511405023,1),(10000082,'12310000082','无敌ゝ小怪兽',1,'https://lmfile.tvlongmao.com/10000082.jpg',19,1,2,1510114893,1511405023,1),(10000083,'12310000083','△浅末年华ζ',1,'https://lmfile.tvlongmao.com/10000083.jpg',5,1,2,1510114893,1511405023,1),(10000084,'12310000084','純情ベ小骚包',1,'https://lmfile.tvlongmao.com/10000084.jpg',18,1,2,1510114893,1511405024,1),(10000085,'12310000085','#荒岛晴空。',1,'https://lmfile.tvlongmao.com/10000085.jpg',6,1,2,1510114894,1511405024,1),(10000086,'12310000086','夜闯寡妇村丶',1,'https://lmfile.tvlongmao.com/10000086.jpg',11,1,2,1510114894,1511405024,1),(10000087,'12310000087','﹍浅笑安然﹍',1,'https://lmfile.tvlongmao.com/10000087.jpg',1,1,2,1510114894,1511405024,1),(10000088,'12310000088','ヅ紫云沫雪き',1,'https://lmfile.tvlongmao.com/10000088.jpg',3,1,2,1510114894,1511405025,1),(10000089,'12310000089','要滚ゝ趁早滚',1,'https://lmfile.tvlongmao.com/10000089.jpg',17,1,2,1510114894,1511405025,1),(10000090,'12310000090','暴躁の大叔',1,'https://lmfile.tvlongmao.com/10000090.jpg',2,1,2,1510114894,1511405025,1),(10000091,'12310000091','可否借个吻',1,'https://lmfile.tvlongmao.com/10000091.jpg',4,1,2,1510114894,1511405025,1),(10000092,'12310000092','想和你困觉',1,'https://lmfile.tvlongmao.com/10000092.jpg',9,1,2,1510114895,1511405026,1),(10000093,'12310000093','我们私奔吧',1,'https://lmfile.tvlongmao.com/10000093.jpg',10,1,2,1510114895,1511405026,1),(10000094,'12310000094','一季樱花°',1,'https://lmfile.tvlongmao.com/10000094.jpg',12,1,2,1510114895,1511405026,1),(10000095,'12310000095','天使烤翅膀',1,'https://lmfile.tvlongmao.com/10000095.jpg',3,1,2,1510114895,1511405026,1),(10000096,'12310000096','一枪爆你头',0,'https://lmfile.tvlongmao.com/10000096.jpg',14,1,2,1510114895,1511405027,1),(10000097,'12310000097','放荡的青春',1,'https://lmfile.tvlongmao.com/10000097.jpg',5,1,2,1510114895,1511405027,1),(10000098,'12310000098','倚枪听风雨',1,'https://lmfile.tvlongmao.com/10000098.jpg',4,1,2,1510114895,1511405027,1),(10000099,'12310000099','懵懂的人生',1,'https://lmfile.tvlongmao.com/10000099.jpg',14,1,2,1510114896,1511405027,1),(10000100,'12310000100','还狗模狗样',1,'https://lmfile.tvlongmao.com/10000100.jpg',5,1,2,1510114896,1511405028,1),(10000101,'12310000101','唯有泪千行',1,'https://lmfile.tvlongmao.com/10000101.jpg',12,1,2,1510114896,1511405028,1),(10000102,'12310000102','浅默淡殇ヽ',1,'https://lmfile.tvlongmao.com/10000102.jpg',17,1,2,1510114896,1511405028,1),(10000103,'12310000103','伊人莫相忘',1,'https://lmfile.tvlongmao.com/10000103.jpg',8,1,2,1510114896,1511405028,1),(10000104,'12310000104','黛眉浅淡ζ',1,'https://lmfile.tvlongmao.com/10000104.jpg',9,1,2,1510114896,1511405029,1),(10000105,'12310000105','月下唱离歌',1,'https://lmfile.tvlongmao.com/10000105.jpg',19,1,2,1510114896,1511405029,1),(10000106,'12310000106','笙歌君独幽',1,'https://lmfile.tvlongmao.com/10000106.jpg',5,1,2,1510114896,1511405029,1),(10000107,'12310000107','滴墨成殇〞',1,'https://lmfile.tvlongmao.com/10000107.jpg',9,1,2,1510114897,1511405029,1),(10000108,'12310000108','青墨ジ断笺',1,'https://lmfile.tvlongmao.com/10000108.jpg',8,1,2,1510114897,1511405030,1),(10000109,'12310000109','空城旧梦°',1,'https://lmfile.tvlongmao.com/10000109.jpg',13,1,2,1510114897,1511405030,1),(10000110,'12310000110','转裑～離開',1,'https://lmfile.tvlongmao.com/10000110.jpg',15,1,2,1510114897,1511405030,1),(10000111,'12310000111','卌除ㄨ恛憶',1,'https://lmfile.tvlongmao.com/10000111.jpg',8,1,2,1510114897,1511405030,1),(10000112,'12310000112','梦在深巷。',1,'https://lmfile.tvlongmao.com/10000112.jpg',9,1,2,1510114897,1511405031,1),(10000113,'12310000113','心无城府℃',1,'https://lmfile.tvlongmao.com/10000113.jpg',18,1,2,1510114897,1511405031,1),(10000114,'12310000114','一挽青丝°',0,'https://lmfile.tvlongmao.com/10000114.jpg',8,1,2,1510114898,1511405031,1),(10000115,'12310000115','浪漫的杀手',1,'https://lmfile.tvlongmao.com/10000115.jpg',1,1,2,1510114898,1511405031,1),(10000116,'12310000116','草莓味的吻',1,'https://lmfile.tvlongmao.com/10000116.jpg',8,1,2,1510114898,1511405032,1),(10000117,'12310000117','拿稳感情刀',1,'https://lmfile.tvlongmao.com/10000117.jpg',13,1,2,1510114898,1511405032,1),(10000118,'12310000118','污界扛把子',1,'https://lmfile.tvlongmao.com/10000118.jpg',13,1,2,1510114898,1511405032,1),(10000119,'12310000119','一脸美人痣',1,'https://lmfile.tvlongmao.com/10000119.jpg',2,1,2,1510114898,1511405032,1),(10000120,'12310000120','原味少女心',1,'https://lmfile.tvlongmao.com/10000120.jpg',8,1,2,1510114898,1511405032,1),(10000121,'12310000121','独走感情路',1,'https://lmfile.tvlongmao.com/10000121.jpg',9,1,2,1510114899,1511405033,1),(10000122,'12310000122','一身温柔病',1,'https://lmfile.tvlongmao.com/10000122.jpg',11,1,2,1510114899,1511405033,1),(10000123,'12310000123','余生牵她手',1,'https://lmfile.tvlongmao.com/10000123.jpg',7,1,2,1510114899,1511405033,1),(10000124,'12310000124','心软脾气爆',1,'https://lmfile.tvlongmao.com/10000124.jpg',1,1,2,1510114899,1511405033,1),(10000125,'12310000125','顾北清歌寒',1,'https://lmfile.tvlongmao.com/10000125.jpg',15,1,2,1510114899,1511405034,1),(10000126,'12310000126','提笔废江山',1,'https://lmfile.tvlongmao.com/10000126.jpg',11,1,2,1510114899,1511405034,1),(10000127,'12310000127','没胸照样凶',1,'https://lmfile.tvlongmao.com/10000127.jpg',12,1,2,1510114899,1511405034,1),(10000128,'12310000128','撩妹大队长',1,'https://lmfile.tvlongmao.com/10000128.jpg',0,1,2,1510114900,1511405034,1),(10000129,'12310000129','青春喂了狗',1,'https://lmfile.tvlongmao.com/10000129.jpg',19,1,2,1510114900,1511405035,1),(10000130,'12310000130','痞味小污女',1,'https://lmfile.tvlongmao.com/10000130.jpg',19,1,2,1510114900,1511405035,1),(10000131,'12310000131','懒得想名字',0,'https://lmfile.tvlongmao.com/10000131.jpg',14,1,2,1510114900,1511405035,1),(10000132,'12310000132','甜心小蜜糖',1,'https://lmfile.tvlongmao.com/10000132.jpg',14,1,2,1510114900,1511405035,1),(10000133,'12310000133','过把感情瘾',1,'https://lmfile.tvlongmao.com/10000133.jpg',14,1,2,1510114900,1511405036,1),(10000134,'12310000134','将孤独喂饱',1,'https://lmfile.tvlongmao.com/10000134.jpg',11,1,2,1510114900,1511405036,1),(10000135,'12310000135','轰炸男厕所',0,'https://lmfile.tvlongmao.com/10000135.jpg',16,1,2,1510114901,1511405036,1),(10000136,'12310000136','拔刀为你战',1,'https://lmfile.tvlongmao.com/10000136.jpg',15,1,2,1510114901,1511405036,1),(10000137,'12310000137','颜值课代表',1,'https://lmfile.tvlongmao.com/10000137.jpg',1,1,2,1510114901,1511405037,1),(10000138,'12310000138','一身傲娇病',1,'https://lmfile.tvlongmao.com/10000138.jpg',14,1,2,1510114901,1511405037,1),(10000139,'12310000139','喂不饱的狗',1,'https://lmfile.tvlongmao.com/10000139.jpg',14,1,2,1510114901,1511405037,1),(10000140,'12310000140','很酷也很污',0,'https://lmfile.tvlongmao.com/10000140.jpg',1,1,2,1510114901,1511405037,1),(10000141,'12310000141','情少故事多',1,'https://lmfile.tvlongmao.com/10000141.jpg',22,1,2,1510114901,1511405037,1),(10000142,'12310000142','挥刀斩情丝',1,'https://lmfile.tvlongmao.com/10000142.jpg',9,1,2,1510114902,1511405038,1),(10000143,'12310000143','持刀稳情场',1,'https://lmfile.tvlongmao.com/10000143.jpg',8,1,2,1510114902,1511405038,1),(10000144,'12310000144','一身仙女味',1,'https://lmfile.tvlongmao.com/10000144.jpg',2,1,2,1510114902,1511405038,1),(10000145,'12310000145','莂啝皒説嬡',1,'https://lmfile.tvlongmao.com/10000145.jpg',2,1,2,1510114902,1511405038,1),(10000146,'12310000146','很酷不撩妹',1,'https://lmfile.tvlongmao.com/10000146.jpg',14,1,2,1510114902,1511405039,1),(10000147,'12310000147','西瓜的夏天',1,'https://lmfile.tvlongmao.com/10000147.jpg',13,1,2,1510114902,1511405039,1),(10000148,'12310000148','收心不再浪',1,'https://lmfile.tvlongmao.com/10000148.jpg',11,1,2,1510114902,1511405039,1),(10000149,'12310000149','余生牵你手',0,'https://lmfile.tvlongmao.com/10000149.jpg',3,1,2,1510114903,1511405039,1),(10000150,'12310000150','好莱污影帝',1,'https://lmfile.tvlongmao.com/10000150.jpg',16,1,2,1510114903,1511405040,1),(10000151,'12310000151','唸①世繁華',1,'https://lmfile.tvlongmao.com/10000151.jpg',19,1,2,1510114903,1511405040,1),(10000152,'12310000152','可念不可说',0,'https://lmfile.tvlongmao.com/10000152.jpg',10,1,2,1510114903,1511405040,1),(10000153,'12310000153','摆摊卖回忆',0,'https://lmfile.tvlongmao.com/10000153.jpg',20,1,2,1510114903,1511405040,1),(10000154,'12310000154','看透别说透',1,'https://lmfile.tvlongmao.com/10000154.jpg',3,1,2,1510114903,1511405041,1),(10000155,'12310000155','[稚念]°',1,'https://lmfile.tvlongmao.com/10000155.jpg',21,1,2,1510114903,1511405041,1),(10000156,'12310000156','从此、陌路',1,'https://lmfile.tvlongmao.com/10000156.jpg',17,1,2,1510114904,1511405041,1),(10000157,'12310000157','等一个旧人',1,'https://lmfile.tvlongmao.com/10000157.jpg',10,1,2,1510114904,1511405041,1),(10000158,'12310000158','神经兮兮°',1,'https://lmfile.tvlongmao.com/10000158.jpg',11,1,2,1510114904,1511405041,1),(10000159,'12310000159','浮光浅夏ζ',1,'https://lmfile.tvlongmao.com/10000159.jpg',23,1,2,1510114904,1511405042,1),(10000160,'12310000160','各自安好ぃ',1,'https://lmfile.tvlongmao.com/10000160.jpg',9,1,2,1510114904,1511405042,1),(10000161,'12310000161','潶Sè禮菔',1,'https://lmfile.tvlongmao.com/10000161.jpg',11,1,2,1510114904,1511405042,1),(10000162,'12310000162','緈諨ぁ约锭',1,'https://lmfile.tvlongmao.com/10000162.jpg',13,1,2,1510114904,1511405042,1),(10000163,'12310000163','簡簡單單ヾ',1,'https://lmfile.tvlongmao.com/10000163.jpg',10,1,2,1510114904,1511405043,1),(10000164,'12310000164','ε缺氧的鱼',1,'https://lmfile.tvlongmao.com/10000164.jpg',11,1,2,1510114905,1511405043,1),(10000165,'12310000165','開吢僦ぬ~',0,'https://lmfile.tvlongmao.com/10000165.jpg',14,1,2,1510114905,1511405043,1),(10000166,'12310000166','葑訫ぷ鎖嗳',1,'https://lmfile.tvlongmao.com/10000166.jpg',23,1,2,1510114905,1511405043,1),(10000167,'12310000167','我帅我随意',1,'https://lmfile.tvlongmao.com/10000167.jpg',23,1,2,1510114905,1511405044,1),(10000168,'12310000168','曾经的帅哥',1,'https://lmfile.tvlongmao.com/10000168.jpg',20,1,2,1510114905,1511405044,1),(10000169,'12310000169','悲伤的帅哥',1,'https://lmfile.tvlongmao.com/10000169.jpg',4,1,2,1510114905,1511405044,1),(10000170,'12310000170','风住的街道',1,'https://lmfile.tvlongmao.com/10000170.jpg',8,1,2,1510114906,1511405044,1),(10000171,'12310000171','晓月、残风',1,'https://lmfile.tvlongmao.com/10000171.jpg',8,1,2,1510114906,1511405044,1),(10000172,'12310000172','威风不凌厉',0,'https://lmfile.tvlongmao.com/10000172.jpg',7,1,2,1510114906,1511405045,1),(10000173,'12310000173','风花雪月阁',1,'https://lmfile.tvlongmao.com/10000173.jpg',12,1,2,1510114906,1511405045,1),(10000174,'12310000174','无风不起浪',1,'https://lmfile.tvlongmao.com/10000174.jpg',11,1,2,1510114906,1511405045,1),(10000175,'12310000175','蝴蝶∴梦∵',1,'https://lmfile.tvlongmao.com/10000175.jpg',4,1,2,1510114906,1511405045,1),(10000176,'12310000176','不锈钢苍蝇',1,'https://lmfile.tvlongmao.com/10000176.jpg',21,1,2,1510114906,1511405046,1),(10000177,'12310000177','艹淡青年丶',1,'https://lmfile.tvlongmao.com/10000177.jpg',12,1,2,1510114907,1511405046,1),(10000178,'12310000178','傲慢的兔子',1,'https://lmfile.tvlongmao.com/10000178.jpg',4,1,2,1510114907,1511405046,1),(10000179,'12310000179','会跑的章鱼',1,'https://lmfile.tvlongmao.com/10000179.jpg',14,1,2,1510114907,1511405046,1),(10000180,'12310000180','我醉在梦里',1,'https://lmfile.tvlongmao.com/10000180.jpg',9,1,2,1510114907,1511405047,1),(10000181,'12310000181','悲伤的羔羊',1,'https://lmfile.tvlongmao.com/10000181.jpg',19,1,2,1510114907,1511405047,1),(10000182,'12310000182','恶魔在身边',1,'https://lmfile.tvlongmao.com/10000182.jpg',7,1,2,1510114907,1511405047,1),(10000183,'12310000183','守护、緈冨',1,'https://lmfile.tvlongmao.com/10000183.jpg',4,1,2,1510114907,1511405047,1),(10000184,'12310000184','简单唱片丶',0,'https://lmfile.tvlongmao.com/10000184.jpg',9,1,2,1510114907,1511405047,1),(10000185,'12310000185','繁花灬不弃',1,'https://lmfile.tvlongmao.com/10000185.jpg',17,1,2,1510114908,1511405048,1),(10000186,'12310000186','她音与心彡',1,'https://lmfile.tvlongmao.com/10000186.jpg',23,1,2,1510114908,1511405048,1),(10000187,'12310000187','子夜微光丶',0,'https://lmfile.tvlongmao.com/10000187.jpg',3,1,2,1510114908,1511405048,1),(10000188,'12310000188','昨日誰囂張',1,'https://lmfile.tvlongmao.com/10000188.jpg',1,1,2,1510114908,1511405048,1),(10000189,'12310000189','凌乱的灬风',1,'https://lmfile.tvlongmao.com/10000189.jpg',14,1,2,1510114908,1511405049,1),(10000190,'12310000190','∑丑人鱼☆',1,'https://lmfile.tvlongmao.com/10000190.jpg',11,1,2,1510114908,1511405049,1),(10000191,'12310000191','春花烂漫·',1,'https://lmfile.tvlongmao.com/10000191.jpg',13,1,2,1510114909,1511405049,1),(10000192,'12310000192','用梦想创造',1,'https://lmfile.tvlongmao.com/10000192.jpg',6,1,2,1510114909,1511405049,1),(10000193,'12310000193','丶灬尛破孩',1,'https://lmfile.tvlongmao.com/10000193.jpg',5,1,2,1510114909,1511405050,1),(10000194,'12310000194','温暖的阳光',1,'https://lmfile.tvlongmao.com/10000194.jpg',6,1,2,1510114909,1511405050,1),(10000195,'12310000195','飞洒快乐殇',1,'https://lmfile.tvlongmao.com/10000195.jpg',12,1,2,1510114909,1511405050,1),(10000196,'12310000196','氵每灬夜尊',1,'https://lmfile.tvlongmao.com/10000196.jpg',19,1,2,1510114909,1511405050,1),(10000197,'12310000197','选择性回忆',1,'https://lmfile.tvlongmao.com/10000197.jpg',9,1,2,1510114909,1511405051,1),(10000198,'12310000198','随心录红尘',1,'https://lmfile.tvlongmao.com/10000198.jpg',11,1,2,1510114910,1511405051,1),(10000199,'12310000199','ハ⊥癮┌℡',1,'https://lmfile.tvlongmao.com/10000199.jpg',3,1,2,1510114910,1511405051,1),(10000200,'12310000200','失忆Z思忆',1,'https://lmfile.tvlongmao.com/10000200.jpg',10,1,2,1510114910,1511405051,1),(10000201,'12310000201','入戏太深@',1,'https://lmfile.tvlongmao.com/10000201.jpg',14,1,2,1510114910,1511405051,1),(10000202,'12310000202','季节性变动',1,'https://lmfile.tvlongmao.com/10000202.jpg',1,1,2,1510114910,1511405052,1),(10000203,'12310000203','另一个自己',1,'https://lmfile.tvlongmao.com/10000203.jpg',10,1,2,1510114910,1511405052,1),(10000204,'12310000204','流年丨放纵',1,'https://lmfile.tvlongmao.com/10000204.jpg',4,1,2,1510114910,1511405052,1),(10000205,'12310000205','一向很蛋定',1,'https://lmfile.tvlongmao.com/10000205.jpg',23,1,2,1510114911,1511405052,1),(10000206,'12310000206','情难自控㈤',0,'https://lmfile.tvlongmao.com/10000206.jpg',10,1,2,1510114911,1511405053,1),(10000207,'12310000207','指尖微凉°',1,'https://lmfile.tvlongmao.com/10000207.jpg',3,1,2,1510114911,1511405053,1),(10000208,'12310000208','执笔画浮尘',1,'https://lmfile.tvlongmao.com/10000208.jpg',14,1,2,1510114911,1511405053,1),(10000209,'12310000209','浅若ら清风',0,'https://lmfile.tvlongmao.com/10000209.jpg',8,1,2,1510114911,1511405053,1),(10000210,'12310000210','捕风的漢子',1,'https://lmfile.tvlongmao.com/10000210.jpg',11,1,2,1510114911,1511405054,1),(10000211,'12310000211','Ｘの苿緍芙',1,'https://lmfile.tvlongmao.com/10000211.jpg',2,1,2,1510114911,1511405054,1),(10000212,'12310000212','咱怼你的爱',1,'https://lmfile.tvlongmao.com/10000212.jpg',4,1,2,1510114912,1511405054,1),(10000213,'12310000213','烈酒留旧友',1,'https://lmfile.tvlongmao.com/10000213.jpg',6,1,2,1510114912,1511405054,1),(10000214,'12310000214','咗掱哋溫渘',1,'https://lmfile.tvlongmao.com/10000214.jpg',23,1,2,1510114912,1511405055,1),(10000215,'12310000215','我是糕富帅',1,'https://lmfile.tvlongmao.com/10000215.jpg',7,1,2,1510114912,1511405055,1),(10000216,'12310000216','南城北栀つ',1,'https://lmfile.tvlongmao.com/10000216.jpg',15,1,2,1510114912,1511405055,1),(10000217,'12310000217','南栀倾寒°',1,'https://lmfile.tvlongmao.com/10000217.jpg',1,1,2,1510114912,1511405055,1),(10000218,'12310000218','浅若夏沫゛',1,'https://lmfile.tvlongmao.com/10000218.jpg',14,1,2,1510114912,1511405055,1),(10000219,'12310000219','挽梦忆笙歌',1,'https://lmfile.tvlongmao.com/10000219.jpg',14,1,2,1510114913,1511405056,1),(10000220,'12310000220','花落忆流年',1,'https://lmfile.tvlongmao.com/10000220.jpg',5,1,2,1510114913,1511405056,1),(10000221,'12310000221','﹎▕я尓嘴',1,'https://lmfile.tvlongmao.com/10000221.jpg',6,1,2,1510114913,1511405056,1),(10000222,'12310000222','回忆那份伤',1,'https://lmfile.tvlongmao.com/10000222.jpg',21,1,2,1510114913,1511405056,1),(10000223,'12310000223','?正在输入',1,'https://lmfile.tvlongmao.com/10000223.jpg',13,1,2,1510114913,1511405057,1),(10000224,'12310000224','如履薄冰°',1,'https://lmfile.tvlongmao.com/10000224.jpg',7,1,2,1510114913,1511405057,1),(10000225,'12310000225','我拽我实力',1,'https://lmfile.tvlongmao.com/10000225.jpg',1,1,2,1510114913,1511405057,1),(10000226,'12310000226','我腻了爱你',0,'https://lmfile.tvlongmao.com/10000226.jpg',9,1,2,1510114914,1511405057,1),(10000227,'12310000227','踏进你心里',1,'https://lmfile.tvlongmao.com/10000227.jpg',6,1,2,1510114914,1511405058,1),(10000228,'12310000228','善良是病.',1,'https://lmfile.tvlongmao.com/10000228.jpg',5,1,2,1510114914,1511405058,1),(10000229,'12310000229','灵魂流浪者',1,'https://lmfile.tvlongmao.com/10000229.jpg',8,1,2,1510114914,1511405058,1),(10000230,'12310000230','瞅你那逼样',1,'https://lmfile.tvlongmao.com/10000230.jpg',18,1,2,1510114914,1511405058,1),(10000231,'12310000231','滚出我的心',0,'https://lmfile.tvlongmao.com/10000231.jpg',10,1,2,1510114914,1511405059,1),(10000232,'12310000232','烟锁池塘柳',1,'https://lmfile.tvlongmao.com/10000232.jpg',9,1,2,1510114914,1511405059,1),(10000233,'12310000233','竹马绕青梅',1,'https://lmfile.tvlongmao.com/10000233.jpg',4,1,2,1510114915,1511405059,1),(10000234,'12310000234','惆怅暮烟垂',1,'https://lmfile.tvlongmao.com/10000234.jpg',22,1,2,1510114915,1511405059,1),(10000235,'12310000235','烟雨任平生',1,'https://lmfile.tvlongmao.com/10000235.jpg',2,1,2,1510114915,1511405059,1),(10000236,'12310000236','蹁跹影惊鸿',1,'https://lmfile.tvlongmao.com/10000236.jpg',12,1,2,1510114915,1511405060,1),(10000237,'12310000237','揽月随风醉',1,'https://lmfile.tvlongmao.com/10000237.jpg',3,1,2,1510114915,1511405060,1),(10000238,'12310000238','月下影相随',1,'https://lmfile.tvlongmao.com/10000238.jpg',10,1,2,1510114915,1511405060,1),(10000239,'12310000239','半夏如烟°',1,'https://lmfile.tvlongmao.com/10000239.jpg',6,1,2,1510114915,1511405060,1),(10000240,'12310000240','绯色丶浮華',1,'https://lmfile.tvlongmao.com/10000240.jpg',1,1,2,1510114916,1511405061,1),(10000241,'12310000241','夏堇丶流年',1,'https://lmfile.tvlongmao.com/10000241.jpg',13,1,2,1510114916,1511405061,1),(10000242,'12310000242','痴人说梦゛',1,'https://lmfile.tvlongmao.com/10000242.jpg',25,1,2,1510114916,1511405061,1),(10000243,'12310000243','蔷薇·花开',0,'https://lmfile.tvlongmao.com/10000243.jpg',16,1,2,1510114916,1511405061,1),(10000244,'12310000244','听风的倾诉',0,'https://lmfile.tvlongmao.com/10000244.jpg',5,1,2,1510114916,1511405062,1),(10000245,'12310000245','枫雪~轻霓',1,'https://lmfile.tvlongmao.com/10000245.jpg',6,1,2,1510114916,1511405062,1),(10000246,'12310000246','用眼睛说谎',1,'https://lmfile.tvlongmao.com/10000246.jpg',4,1,2,1510114916,1511405062,1),(10000247,'12310000247','浅巷°墨漓',1,'https://lmfile.tvlongmao.com/10000247.jpg',4,1,2,1510114917,1511405062,1),(10000248,'12310000248','清晓花浅笑',1,'https://lmfile.tvlongmao.com/10000248.jpg',10,1,2,1510114917,1511405063,1),(10000249,'12310000249','浅吟旧情歌',0,'https://lmfile.tvlongmao.com/10000249.jpg',14,1,2,1510114917,1511405063,1),(10000250,'12310000250','旖旎ら暗香',1,'https://lmfile.tvlongmao.com/10000250.jpg',13,1,2,1510114917,1511405063,1),(10000251,'12310000251','羞涩苦咖啡',1,'https://lmfile.tvlongmao.com/10000251.jpg',6,1,2,1510114917,1511405063,1),(10000252,'12310000252','阴天的旅行',1,'https://lmfile.tvlongmao.com/10000252.jpg',12,1,2,1510114917,1511405063,1),(10000253,'12310000253','淡忘、那伤',1,'https://lmfile.tvlongmao.com/10000253.jpg',18,1,2,1510114917,1511405064,1),(10000254,'12310000254','知足的幸福',1,'https://lmfile.tvlongmao.com/10000254.jpg',11,1,2,1510114918,1511405064,1),(10000255,'12310000255','月暖如梵音',1,'https://lmfile.tvlongmao.com/10000255.jpg',1,1,2,1510114918,1511405064,1),(10000256,'12310000256','无心慎交.',1,'https://lmfile.tvlongmao.com/10000256.jpg',5,1,2,1510114918,1511405064,1),(10000257,'12310000257','野成习惯.',1,'https://lmfile.tvlongmao.com/10000257.jpg',13,1,2,1510114918,1511405065,1),(10000258,'12310000258','棍子萝莉.',1,'https://lmfile.tvlongmao.com/10000258.jpg',21,1,2,1510114918,1511405065,1),(10000259,'12310000259','霸气你娘.',1,'https://lmfile.tvlongmao.com/10000259.jpg',15,1,2,1510114918,1511405065,1),(10000260,'12310000260','酒醉三分醒',1,'https://lmfile.tvlongmao.com/10000260.jpg',14,1,2,1510114918,1511405065,1),(10000261,'12310000261','国服我爱人',1,'https://lmfile.tvlongmao.com/10000261.jpg',14,1,2,1510114919,1511405065,1),(10000262,'12310000262','情事说二三',1,'https://lmfile.tvlongmao.com/10000262.jpg',1,1,2,1510114919,1511405066,1),(10000263,'12310000263','酷似你祖宗',0,'https://lmfile.tvlongmao.com/10000263.jpg',13,1,2,1510114919,1511405066,1),(10000264,'12310000264','?稳操子圣',1,'https://lmfile.tvlongmao.com/10000264.jpg',10,1,2,1510114919,1511405066,1),(10000265,'12310000265','留洋大少爷',1,'https://lmfile.tvlongmao.com/10000265.jpg',10,1,2,1510114919,1511405066,1),(10000266,'12310000266','兲妒ξ渶ォ',1,'https://lmfile.tvlongmao.com/10000266.jpg',6,1,2,1510114919,1511405067,1),(10000267,'12310000267','骚的像逼.',1,'https://lmfile.tvlongmao.com/10000267.jpg',3,1,2,1510114919,1511405067,1),(10000268,'12310000268','英雄尽折腰',0,'https://lmfile.tvlongmao.com/10000268.jpg',2,1,2,1510114919,1511405067,1),(10000269,'12310000269','任凭狂风刮',1,'https://lmfile.tvlongmao.com/10000269.jpg',12,1,2,1510114920,1511405067,1),(10000270,'12310000270','猛虎总归山',1,'https://lmfile.tvlongmao.com/10000270.jpg',14,1,2,1510114920,1511405067,1),(10000271,'12310000271','妈了个爸子',1,'https://lmfile.tvlongmao.com/10000271.jpg',6,1,2,1510114920,1511405068,1),(10000272,'12310000272','暴力小青年',1,'https://lmfile.tvlongmao.com/10000272.jpg',15,1,2,1510114920,1511405068,1),(10000273,'12310000273','撩妹一把手',1,'https://lmfile.tvlongmao.com/10000273.jpg',8,1,2,1510114920,1511405068,1),(10000274,'12310000274','心野套路深',0,'https://lmfile.tvlongmao.com/10000274.jpg',8,1,2,1510114920,1511405068,1),(10000275,'12310000275','心冷却想酷',1,'https://lmfile.tvlongmao.com/10000275.jpg',1,1,2,1510114920,1511405069,1),(10000276,'12310000276','终极战犯Δ',1,'https://lmfile.tvlongmao.com/10000276.jpg',18,1,2,1510114921,1511405069,1),(10000277,'12310000277','一剑→嗜血',1,'https://lmfile.tvlongmao.com/10000277.jpg',7,1,2,1510114921,1511405069,1),(10000278,'12310000278','一秒メ速杀',0,'https://lmfile.tvlongmao.com/10000278.jpg',8,1,2,1510114921,1511405069,1),(10000279,'12310000279','独手毁天下',0,'https://lmfile.tvlongmao.com/10000279.jpg',15,1,2,1510114921,1511405070,1),(10000280,'12310000280','寒气震四方',1,'https://lmfile.tvlongmao.com/10000280.jpg',4,1,2,1510114921,1511405070,1),(10000281,'12310000281','一战定江山',1,'https://lmfile.tvlongmao.com/10000281.jpg',6,1,2,1510114921,1511405070,1),(10000282,'12310000282','带刀闯天下',1,'https://lmfile.tvlongmao.com/10000282.jpg',23,1,2,1510114921,1511405070,1),(10000283,'12310000283','铲屎大将军',1,'https://lmfile.tvlongmao.com/10000283.jpg',14,1,2,1510114922,1511405070,1),(10000284,'12310000284','夜袭妓男院',1,'https://lmfile.tvlongmao.com/10000284.jpg',2,1,2,1510114922,1511405071,1),(10000285,'12310000285','本皇只要你',1,'https://lmfile.tvlongmao.com/10000285.jpg',17,1,2,1510114922,1511405071,1),(10000286,'12310000286','扛枪の萝莉',0,'https://lmfile.tvlongmao.com/10000286.jpg',17,1,2,1510114922,1511405071,1),(10000287,'12310000287','软妹收割机',1,'https://lmfile.tvlongmao.com/10000287.jpg',5,1,2,1510114922,1511405071,1),(10000288,'12310000288','玩命不玩心',1,'https://lmfile.tvlongmao.com/10000288.jpg',5,1,2,1510114922,1511405072,1),(10000289,'12310000289','懒得取名字',1,'https://lmfile.tvlongmao.com/10000289.jpg',11,1,2,1510114922,1511405072,1),(10000290,'12310000290','持枪走四方',1,'https://lmfile.tvlongmao.com/10000290.jpg',13,1,2,1510114923,1511405072,1),(10000291,'12310000291','热情喂冷风',1,'https://lmfile.tvlongmao.com/10000291.jpg',8,1,2,1510114923,1511405072,1),(10000292,'12310000292','中国好菇凉',1,'https://lmfile.tvlongmao.com/10000292.jpg',3,1,2,1510114923,1511405072,1),(10000293,'12310000293','天生王者范',0,'https://lmfile.tvlongmao.com/10000293.jpg',7,1,2,1510114923,1511405073,1),(10000294,'12310000294','知你冷暖〆',1,'https://lmfile.tvlongmao.com/10000294.jpg',13,1,2,1510114923,1511405073,1),(10000295,'12310000295','o尐懶猫o',1,'https://lmfile.tvlongmao.com/10000295.jpg',2,1,2,1510114923,1511405073,1),(10000296,'12310000296','れ誮惜颜き',1,'https://lmfile.tvlongmao.com/10000296.jpg',2,1,2,1510114924,1511405073,1),(10000297,'12310000297','風あ淩度ツ',1,'https://lmfile.tvlongmao.com/10000297.jpg',3,1,2,1510114924,1511405074,1),(10000298,'12310000298','嘘﹏低调ǐ',1,'https://lmfile.tvlongmao.com/10000298.jpg',9,1,2,1510114924,1511405074,1),(10000299,'12310000299','寞萤舞流辉',1,'https://lmfile.tvlongmao.com/10000299.jpg',12,1,2,1510114924,1511405074,1),(10000300,'12310000300','犹蓝的沧情',0,'https://lmfile.tvlongmao.com/10000300.jpg',5,1,2,1510114924,1511405074,1),(10000301,'12310000301','蕞诎dě爱',1,'https://lmfile.tvlongmao.com/10000301.jpg',18,1,2,1510114924,1511405074,1),(10000302,'12310000302','念↘--想',1,'https://lmfile.tvlongmao.com/10000302.jpg',1,1,2,1510114924,1511405075,1),(10000303,'12310000303','无限·牵绊',1,'https://lmfile.tvlongmao.com/10000303.jpg',14,1,2,1510114925,1511405075,1),(10000304,'12310000304','″灬奇迹丶',1,'https://lmfile.tvlongmao.com/10000304.jpg',0,1,2,1510114925,1511405075,1),(10000305,'12310000305','莪們説恏哋',1,'https://lmfile.tvlongmao.com/10000305.jpg',25,1,2,1510114925,1511405075,1),(10000306,'12310000306','浅夏微涼彡',1,'https://lmfile.tvlongmao.com/10000306.jpg',15,1,2,1510114925,1511405076,1),(10000307,'12310000307','曙光少女.',1,'https://lmfile.tvlongmao.com/10000307.jpg',21,1,2,1510114925,1511405076,1),(10000308,'12310000308','瞬間丶煙花',1,'https://lmfile.tvlongmao.com/10000308.jpg',3,1,2,1510114925,1511405076,1),(10000309,'12310000309','爺╮並卜帥',1,'https://lmfile.tvlongmao.com/10000309.jpg',3,1,2,1510114925,1511405076,1),(10000310,'12310000310','春天的芭蕾',0,'https://lmfile.tvlongmao.com/10000310.jpg',14,1,2,1510114926,1511405076,1),(10000311,'12310000311','法海无边。',1,'https://lmfile.tvlongmao.com/10000311.jpg',7,1,2,1510114926,1511405077,1),(10000312,'12310000312','藍夢冰戀ル',1,'https://lmfile.tvlongmao.com/10000312.jpg',24,1,2,1510114926,1511405077,1),(10000313,'12310000313','〃阎王??',1,'https://lmfile.tvlongmao.com/10000313.jpg',14,1,2,1510114926,1511405077,1),(10000314,'12310000314','谎言的背后',1,'https://lmfile.tvlongmao.com/10000314.jpg',0,1,2,1510114926,1511405077,1),(10000315,'12310000315','乱世丶疯子',1,'https://lmfile.tvlongmao.com/10000315.jpg',4,1,2,1510114926,1511405078,1),(10000316,'12310000316','不善言谈。',1,'https://lmfile.tvlongmao.com/10000316.jpg',6,1,2,1510114926,1511405078,1),(10000317,'12310000317','ノ醉到最后',1,'https://lmfile.tvlongmao.com/10000317.jpg',11,1,2,1510114927,1511405078,1),(10000318,'12310000318','开始恨你。',1,'https://lmfile.tvlongmao.com/10000318.jpg',5,1,2,1510114927,1511405078,1),(10000319,'12310000319','～〝浑　蛋',1,'https://lmfile.tvlongmao.com/10000319.jpg',21,1,2,1510114927,1511405079,1),(10000320,'12310000320','没个正样¨',0,'https://lmfile.tvlongmao.com/10000320.jpg',10,1,2,1510114927,1511405079,1),(10000321,'12310000321','叼了根烟`',1,'https://lmfile.tvlongmao.com/10000321.jpg',14,1,2,1510114927,1511405079,1),(10000322,'12310000322','自作自受╮',1,'https://lmfile.tvlongmao.com/10000322.jpg',2,1,2,1510114927,1511405079,1),(10000323,'12310000323','丶夜场领卖',1,'https://lmfile.tvlongmao.com/10000323.jpg',14,1,2,1510114927,1511405080,1),(10000324,'12310000324','越夜越有神',1,'https://lmfile.tvlongmao.com/10000324.jpg',4,1,2,1510114927,1511405080,1),(10000325,'12310000325','沵↘卟值棏',1,'https://lmfile.tvlongmao.com/10000325.jpg',2,1,2,1510114928,1511405080,1),(10000326,'12310000326','相思成瘾。',1,'https://lmfile.tvlongmao.com/10000326.jpg',8,1,2,1510114928,1511405080,1),(10000327,'12310000327','べ曾经最美',1,'https://lmfile.tvlongmao.com/10000327.jpg',6,1,2,1510114928,1511405081,1),(10000328,'12310000328','花刺痛心魂',1,'https://lmfile.tvlongmao.com/10000328.jpg',8,1,2,1510114928,1511405081,1),(10000329,'12310000329','岁月0静好',1,'https://lmfile.tvlongmao.com/10000329.jpg',25,1,2,1510114928,1511405081,1),(10000330,'12310000330','七月爱六月',1,'https://lmfile.tvlongmao.com/10000330.jpg',14,1,2,1510114928,1511405081,1),(10000331,'12310000331','低调做人好',1,'https://lmfile.tvlongmao.com/10000331.jpg',18,1,2,1510114928,1511405081,1),(10000332,'12310000332','继续、沉默',1,'https://lmfile.tvlongmao.com/10000332.jpg',12,1,2,1510114929,1511405082,1),(10000333,'12310000333','青丝到白发',1,'https://lmfile.tvlongmao.com/10000333.jpg',7,1,2,1510114929,1511405082,1),(10000334,'12310000334','山水不相逢',1,'https://lmfile.tvlongmao.com/10000334.jpg',13,1,2,1510114929,1511405082,1),(10000335,'12310000335','旧時°旧夢',1,'https://lmfile.tvlongmao.com/10000335.jpg',7,1,2,1510114929,1511405082,1),(10000336,'12310000336','误入爱途ヾ',1,'https://lmfile.tvlongmao.com/10000336.jpg',8,1,2,1510114929,1511405083,1),(10000337,'12310000337','死如秋叶╮',1,'https://lmfile.tvlongmao.com/10000337.jpg',12,1,2,1510114929,1511405083,1),(10000338,'12310000338','べ蜜メ雨ジ',1,'https://lmfile.tvlongmao.com/10000338.jpg',1,1,2,1510114929,1511405083,1),(10000339,'12310000339','べ知梦╰、',1,'https://lmfile.tvlongmao.com/10000339.jpg',22,1,2,1510114930,1511405083,1),(10000340,'12310000340','、无关风月',1,'https://lmfile.tvlongmao.com/10000340.jpg',21,1,2,1510114930,1511405084,1),(10000341,'12310000341','心若初晴。',1,'https://lmfile.tvlongmao.com/10000341.jpg',15,1,2,1510114930,1511405084,1),(10000342,'12310000342','笏莣→初芯',1,'https://lmfile.tvlongmao.com/10000342.jpg',4,1,2,1510114930,1511405084,1),(10000343,'12310000343','深情是死罪',0,'https://lmfile.tvlongmao.com/10000343.jpg',12,1,2,1510114930,1511405084,1),(10000344,'12310000344','伴而不弃゜',1,'https://lmfile.tvlongmao.com/10000344.jpg',2,1,2,1510114930,1511405085,1),(10000345,'12310000345','丑人多作怪',1,'https://lmfile.tvlongmao.com/10000345.jpg',14,1,2,1510114930,1511405085,1),(10000346,'12310000346','拿回忆下酒',1,'https://lmfile.tvlongmao.com/10000346.jpg',8,1,2,1510114931,1511405085,1),(10000347,'12310000347','吖頭94拽',1,'https://lmfile.tvlongmao.com/10000347.jpg',12,1,2,1510114931,1511405085,1),(10000348,'12310000348','幸福的回眸',1,'https://lmfile.tvlongmao.com/10000348.jpg',12,1,2,1510114931,1511405085,1),(10000349,'12310000349','小河边唱歌',1,'https://lmfile.tvlongmao.com/10000349.jpg',0,1,2,1510114931,1511405086,1),(10000350,'12310000350','﹌清风暖阳',1,'https://lmfile.tvlongmao.com/10000350.jpg',11,1,2,1510114931,1511405086,1),(10000351,'12310000351','风清淡雅∝',1,'https://lmfile.tvlongmao.com/10000351.jpg',5,1,2,1510114931,1511405086,1),(10000352,'12310000352','蜡笔小妞o',1,'https://lmfile.tvlongmao.com/10000352.jpg',10,1,2,1510114931,1511405086,1),(10000353,'12310000353','怒放菂腋毛',1,'https://lmfile.tvlongmao.com/10000353.jpg',10,1,2,1510114932,1511405087,1),(10000354,'12310000354','五条杠屌丝',1,'https://lmfile.tvlongmao.com/10000354.jpg',9,1,2,1510114932,1511405087,1),(10000355,'12310000355','理智的疯子',1,'https://lmfile.tvlongmao.com/10000355.jpg',4,1,2,1510114932,1511405087,1),(10000356,'12310000356','半夏的温柔',1,'https://lmfile.tvlongmao.com/10000356.jpg',20,1,2,1510114932,1511405087,1),(10000357,'12310000357','心冷若霜ぴ',1,'https://lmfile.tvlongmao.com/10000357.jpg',15,1,2,1510114932,1511405087,1),(10000358,'12310000358','步步奸情゛',1,'https://lmfile.tvlongmao.com/10000358.jpg',11,1,2,1510114932,1511405088,1),(10000359,'12310000359','再贱丶青春',1,'https://lmfile.tvlongmao.com/10000359.jpg',9,1,2,1510114932,1511405088,1),(10000360,'12310000360','﹏木头人°',1,'https://lmfile.tvlongmao.com/10000360.jpg',15,1,2,1510114933,1511405088,1),(10000361,'12310000361','半夏时光。',1,'https://lmfile.tvlongmao.com/10000361.jpg',19,1,2,1510114933,1511405088,1),(10000362,'12310000362','╰麦兜兜╯',1,'https://lmfile.tvlongmao.com/10000362.jpg',15,1,2,1510114933,1511405089,1),(10000363,'12310000363','◎自然卷◎',1,'https://lmfile.tvlongmao.com/10000363.jpg',8,1,2,1510114933,1511405089,1),(10000364,'12310000364','勾你没商量',1,'https://lmfile.tvlongmao.com/10000364.jpg',9,1,2,1510114933,1511405089,1),(10000365,'12310000365','云端之上ペ',1,'https://lmfile.tvlongmao.com/10000365.jpg',2,1,2,1510114933,1511405089,1),(10000366,'12310000366','¤尐猫爪¤',0,'https://lmfile.tvlongmao.com/10000366.jpg',15,1,2,1510114933,1511405089,1),(10000367,'12310000367','硪不懂爱',1,'https://lmfile.tvlongmao.com/10000367.jpg',13,1,2,1510114934,1511405090,1),(10000368,'12310000368','格子阳光',1,'https://lmfile.tvlongmao.com/10000368.jpg',8,1,2,1510114934,1511405090,1),(10000369,'12310000369','月葬花魂',1,'https://lmfile.tvlongmao.com/10000369.jpg',14,1,2,1510114934,1511405090,1),(10000370,'12310000370','じ大懒猪',1,'https://lmfile.tvlongmao.com/10000370.jpg',10,1,2,1510114934,1511405090,1),(10000371,'12310000371','逆流成河',1,'https://lmfile.tvlongmao.com/10000371.jpg',5,1,2,1510114934,1511405091,1),(10000372,'12310000372','各自安好',1,'https://lmfile.tvlongmao.com/10000372.jpg',10,1,2,1510114934,1511405091,1),(10000373,'12310000373','一念执著',1,'https://lmfile.tvlongmao.com/10000373.jpg',9,1,2,1510114934,1511405091,1),(10000374,'12310000374','听风无忧',1,'https://lmfile.tvlongmao.com/10000374.jpg',16,1,2,1510114935,1511405091,1),(10000375,'12310000375','落雪成眠',1,'https://lmfile.tvlongmao.com/10000375.jpg',3,1,2,1510114935,1511405091,1),(10000376,'12310000376','关我屌事',0,'https://lmfile.tvlongmao.com/10000376.jpg',3,1,2,1510114935,1511405092,1),(10000377,'12310000377','别给姐狂',1,'https://lmfile.tvlongmao.com/10000377.jpg',9,1,2,1510114935,1511405092,1),(10000378,'12310000378','浮生若梦',1,'https://lmfile.tvlongmao.com/10000378.jpg',12,1,2,1510114935,1511405092,1),(10000379,'12310000379','欲断此情',1,'https://lmfile.tvlongmao.com/10000379.jpg',11,1,2,1510114935,1511405092,1),(10000380,'12310000380','女人不花',1,'https://lmfile.tvlongmao.com/10000380.jpg',17,1,2,1510114935,1511405093,1),(10000381,'12310000381','掐指一算',1,'https://lmfile.tvlongmao.com/10000381.jpg',8,1,2,1510114935,1511405093,1),(10000382,'12310000382','别来无恙',1,'https://lmfile.tvlongmao.com/10000382.jpg',12,1,2,1510114936,1511405093,1),(10000383,'12310000383','相顾无言',1,'https://lmfile.tvlongmao.com/10000383.jpg',8,1,2,1510114936,1511405093,1),(10000384,'12310000384','深情似狗',1,'https://lmfile.tvlongmao.com/10000384.jpg',7,1,2,1510114936,1511405093,1),(10000385,'12310000385','白衣若血',1,'https://lmfile.tvlongmao.com/10000385.jpg',11,1,2,1510114936,1511405094,1),(10000386,'12310000386','栀璃鸢年',1,'https://lmfile.tvlongmao.com/10000386.jpg',10,1,2,1510114936,1511405094,1),(10000387,'12310000387','笙笙千离',1,'https://lmfile.tvlongmao.com/10000387.jpg',15,1,2,1510114936,1511405094,1),(10000388,'12310000388','耗尽余生',0,'https://lmfile.tvlongmao.com/10000388.jpg',24,1,2,1510114937,1511405094,1),(10000389,'12310000389','无人问及',1,'https://lmfile.tvlongmao.com/10000389.jpg',3,1,2,1510114937,1511405094,1),(10000390,'12310000390','習慣沉默',1,'https://lmfile.tvlongmao.com/10000390.jpg',9,1,2,1510114937,1511405095,1),(10000391,'12310000391','茶凉言尽',1,'https://lmfile.tvlongmao.com/10000391.jpg',9,1,2,1510114937,1511405095,1),(10000392,'12310000392','屎里逃生',1,'https://lmfile.tvlongmao.com/10000392.jpg',18,1,2,1510114937,1511405095,1),(10000393,'12310000393','青灯为伴',1,'https://lmfile.tvlongmao.com/10000393.jpg',15,1,2,1510114937,1511405095,1),(10000394,'12310000394','不過如此',1,'https://lmfile.tvlongmao.com/10000394.jpg',19,1,2,1510114937,1511405096,1),(10000395,'12310000395','拥你入梦',1,'https://lmfile.tvlongmao.com/10000395.jpg',2,1,2,1510114938,1511405096,1),(10000396,'12310000396','為愛停留',1,'https://lmfile.tvlongmao.com/10000396.jpg',5,1,2,1510114938,1511405096,1),(10000397,'12310000397','旧人不归',1,'https://lmfile.tvlongmao.com/10000397.jpg',16,1,2,1510114938,1511405096,1),(10000398,'12310000398','持枪灭狗',1,'https://lmfile.tvlongmao.com/10000398.jpg',3,1,2,1510114938,1511405096,1),(10000399,'12310000399','无人迁就',1,'https://lmfile.tvlongmao.com/10000399.jpg',12,1,2,1510114938,1511405097,1),(10000400,'12310000400','孤灯长巷',1,'https://lmfile.tvlongmao.com/10000400.jpg',25,1,2,1510114938,1511405097,1),(10000401,'12310000401','曲终人散',0,'https://lmfile.tvlongmao.com/10000401.jpg',3,1,2,1510114938,1511405097,1),(10000402,'12310000402','沦为旧友',1,'https://lmfile.tvlongmao.com/10000402.jpg',9,1,2,1510114939,1511405097,1),(10000403,'12310000403','深海亡鱼',1,'https://lmfile.tvlongmao.com/10000403.jpg',10,1,2,1510114939,1511405098,1),(10000404,'12310000404','感情像风',1,'https://lmfile.tvlongmao.com/10000404.jpg',3,1,2,1510114939,1511405098,1),(10000405,'12310000405','洎莋哆情',1,'https://lmfile.tvlongmao.com/10000405.jpg',12,1,2,1510114939,1511405098,1),(10000406,'12310000406','旧城人凉',1,'https://lmfile.tvlongmao.com/10000406.jpg',1,1,2,1510114939,1511405098,1),(10000407,'12310000407','蔷薇花开',1,'https://lmfile.tvlongmao.com/10000407.jpg',25,1,2,1510114939,1511405098,1),(10000408,'12310000408','余生无恙',1,'https://lmfile.tvlongmao.com/10000408.jpg',11,1,2,1510114939,1511405099,1),(10000409,'12310000409','飛迗尛潴',1,'https://lmfile.tvlongmao.com/10000409.jpg',3,1,2,1510114940,1511405099,1),(10000410,'12310000410','含泪祝福',1,'https://lmfile.tvlongmao.com/10000410.jpg',5,1,2,1510114940,1511405099,1),(10000411,'12310000411','喵了个M',1,'https://lmfile.tvlongmao.com/10000411.jpg',22,1,2,1510114940,1511405099,1),(10000412,'12310000412','囚她于心',1,'https://lmfile.tvlongmao.com/10000412.jpg',4,1,2,1510114940,1511405099,1),(10000413,'12310000413','〆執念″',1,'https://lmfile.tvlongmao.com/10000413.jpg',14,1,2,1510114940,1511405100,1),(10000414,'12310000414','[无恙]',1,'https://lmfile.tvlongmao.com/10000414.jpg',6,1,2,1510114940,1511405100,1),(10000415,'12310000415','灬殇情☆',1,'https://lmfile.tvlongmao.com/10000415.jpg',13,1,2,1510114940,1511405100,1),(10000416,'12310000416','﹌泪妆づ',1,'https://lmfile.tvlongmao.com/10000416.jpg',12,1,2,1510114941,1511405100,1),(10000417,'12310000417','离癸〆、',0,'https://lmfile.tvlongmao.com/10000417.jpg',11,1,2,1510114941,1511405101,1),(10000418,'12310000418','冷月轻吟',0,'https://lmfile.tvlongmao.com/10000418.jpg',23,1,2,1510114941,1511405101,1),(10000419,'12310000419','亦久亦旧',1,'https://lmfile.tvlongmao.com/10000419.jpg',8,1,2,1510114941,1511405101,1),(10000420,'12310000420','凉城未暖',1,'https://lmfile.tvlongmao.com/10000420.jpg',10,1,2,1510114941,1511405101,1),(10000421,'12310000421','客走茶凉',1,'https://lmfile.tvlongmao.com/10000421.jpg',3,1,2,1510114941,1511405101,1),(10000422,'12310000422','残城碎梦',0,'https://lmfile.tvlongmao.com/10000422.jpg',10,1,2,1510114941,1511405102,1),(10000423,'12310000423','心在流浪',1,'https://lmfile.tvlongmao.com/10000423.jpg',14,1,2,1510114942,1511405102,1),(10000424,'12310000424','自欺欺人',1,'https://lmfile.tvlongmao.com/10000424.jpg',0,1,2,1510114942,1511405102,1),(10000425,'12310000425','孤独患者',1,'https://lmfile.tvlongmao.com/10000425.jpg',15,1,2,1510114942,1511405102,1),(10000426,'12310000426','青灯古寺',1,'https://lmfile.tvlongmao.com/10000426.jpg',7,1,2,1510114942,1511405102,1),(10000427,'12310000427','半岛旧情',1,'https://lmfile.tvlongmao.com/10000427.jpg',11,1,2,1510114942,1511405103,1),(10000428,'12310000428','煙雨過客',1,'https://lmfile.tvlongmao.com/10000428.jpg',8,1,2,1510114942,1511405103,1),(10000429,'12310000429','杯中残酒',1,'https://lmfile.tvlongmao.com/10000429.jpg',11,1,2,1510114942,1511405103,1),(10000430,'12310000430','旧城空巷',1,'https://lmfile.tvlongmao.com/10000430.jpg',6,1,2,1510114943,1511405103,1),(10000431,'12310000431','终会腻.',1,'https://lmfile.tvlongmao.com/10000431.jpg',10,1,2,1510114943,1511405104,1),(10000432,'12310000432','柠檬不萌',1,'https://lmfile.tvlongmao.com/10000432.jpg',15,1,2,1510114943,1511405104,1),(10000433,'12310000433','冷月花魂',1,'https://lmfile.tvlongmao.com/10000433.jpg',1,1,2,1510114943,1511405104,1),(10000434,'12310000434','久爱不厌',1,'https://lmfile.tvlongmao.com/10000434.jpg',12,1,2,1510114943,1511405104,1),(10000435,'12310000435','繁华若梦',1,'https://lmfile.tvlongmao.com/10000435.jpg',19,1,2,1510114943,1511405105,1),(10000436,'12310000436','孤岛晴空',1,'https://lmfile.tvlongmao.com/10000436.jpg',5,1,2,1510114943,1511405105,1),(10000437,'12310000437','尘埃落定',0,'https://lmfile.tvlongmao.com/10000437.jpg',0,1,2,1510114943,1511405105,1),(10000438,'12310000438','将妓就计',1,'https://lmfile.tvlongmao.com/10000438.jpg',21,1,2,1510114944,1511405105,1),(10000439,'12310000439','情如薄纱',1,'https://lmfile.tvlongmao.com/10000439.jpg',3,1,2,1510114944,1511405105,1),(10000440,'12310000440','孤街浪途',1,'https://lmfile.tvlongmao.com/10000440.jpg',7,1,2,1510114944,1511405106,1),(10000441,'12310000441','空谷幽兰',1,'https://lmfile.tvlongmao.com/10000441.jpg',2,1,2,1510114944,1511405106,1),(10000442,'12310000442','绝版女子',1,'https://lmfile.tvlongmao.com/10000442.jpg',13,1,2,1510114944,1511405106,1),(10000443,'12310000443','命里缺他',1,'https://lmfile.tvlongmao.com/10000443.jpg',7,1,2,1510114944,1511405106,1),(10000444,'12310000444','不忘初心',1,'https://lmfile.tvlongmao.com/10000444.jpg',10,1,2,1510114944,1511405106,1),(10000445,'12310000445','蝶舞沧海',1,'https://lmfile.tvlongmao.com/10000445.jpg',1,1,2,1510114945,1511405107,1),(10000446,'12310000446','僐解亾扆',1,'https://lmfile.tvlongmao.com/10000446.jpg',7,1,2,1510114945,1511405107,1),(10000447,'12310000447','任凭风吹',1,'https://lmfile.tvlongmao.com/10000447.jpg',8,1,2,1510114945,1511405107,1),(10000448,'12310000448','āáǎà',1,'https://lmfile.tvlongmao.com/10000448.jpg',3,1,2,1510114945,1511405107,1),(10000449,'12310000449','拿命疼你',1,'https://lmfile.tvlongmao.com/10000449.jpg',15,1,2,1510114945,1511405108,1),(10000450,'12310000450','咎由自取',1,'https://lmfile.tvlongmao.com/10000450.jpg',7,1,2,1510114945,1511405108,1),(10000451,'12310000451','带泪怎笑',0,'https://lmfile.tvlongmao.com/10000451.jpg',6,1,2,1510114945,1511405108,1),(10000452,'12310000452','天真无鞋',1,'https://lmfile.tvlongmao.com/10000452.jpg',0,1,2,1510114946,1511405108,1),(10000453,'12310000453','各自安好',1,'https://lmfile.tvlongmao.com/10000453.jpg',7,1,2,1510114946,1511405109,1),(10000454,'12310000454','娇而不傲',1,'https://lmfile.tvlongmao.com/10000454.jpg',10,1,2,1510114946,1511405109,1),(10000455,'12310000455','随遇而安',1,'https://lmfile.tvlongmao.com/10000455.jpg',1,1,2,1510114946,1511405109,1),(10000456,'12310000456','一腔孤勇',1,'https://lmfile.tvlongmao.com/10000456.jpg',1,1,2,1510114946,1511405109,1),(10000457,'12310000457','无声情话',1,'https://lmfile.tvlongmao.com/10000457.jpg',9,1,2,1510114946,1511405110,1),(10000458,'12310000458','孤傲的狼',1,'https://lmfile.tvlongmao.com/10000458.jpg',12,1,2,1510114946,1511405110,1),(10000459,'12310000459','卟岢①丗',1,'https://lmfile.tvlongmao.com/10000459.jpg',9,1,2,1510114947,1511405110,1),(10000460,'12310000460','叽哩咕噜',1,'https://lmfile.tvlongmao.com/10000460.jpg',8,1,2,1510114947,1511405110,1),(10000461,'12310000461','本宫略萌',1,'https://lmfile.tvlongmao.com/10000461.jpg',15,1,2,1510114947,1511405111,1),(10000462,'12310000462','猫咪先森',0,'https://lmfile.tvlongmao.com/10000462.jpg',3,1,2,1510114947,1511405111,1),(10000463,'12310000463','沉睡の魚',1,'https://lmfile.tvlongmao.com/10000463.jpg',15,1,2,1510114947,1511405111,1),(10000464,'12310000464','嘴硬心软',1,'https://lmfile.tvlongmao.com/10000464.jpg',4,1,2,1510114947,1511405111,1),(10000465,'12310000465','别碰我心',1,'https://lmfile.tvlongmao.com/10000465.jpg',11,1,2,1510114948,1511405111,1),(10000466,'12310000466','等①衯鍾',1,'https://lmfile.tvlongmao.com/10000466.jpg',4,1,2,1510114948,1511405112,1),(10000467,'12310000467','话少情在',1,'https://lmfile.tvlongmao.com/10000467.jpg',9,1,2,1510114948,1511405112,1),(10000468,'12310000468','裸睡の鱼',0,'https://lmfile.tvlongmao.com/10000468.jpg',24,1,2,1510114948,1511405112,1),(10000469,'12310000469','凉话刺骨',1,'https://lmfile.tvlongmao.com/10000469.jpg',12,1,2,1510114948,1511405112,1),(10000470,'12310000470','如梦初醒',1,'https://lmfile.tvlongmao.com/10000470.jpg',8,1,2,1510114948,1511405113,1),(10000471,'12310000471','莫失莫忘',0,'https://lmfile.tvlongmao.com/10000471.jpg',2,1,2,1510114948,1511405113,1),(10000472,'12310000472','帅气范儿',1,'https://lmfile.tvlongmao.com/10000472.jpg',13,1,2,1510114948,1511405113,1),(10000473,'12310000473','不羁的风',1,'https://lmfile.tvlongmao.com/10000473.jpg',8,1,2,1510114949,1511405113,1),(10000474,'12310000474','风华三生',1,'https://lmfile.tvlongmao.com/10000474.jpg',2,1,2,1510114949,1511405114,1),(10000475,'12310000475','往事成风',1,'https://lmfile.tvlongmao.com/10000475.jpg',12,1,2,1510114949,1511405114,1),(10000476,'12310000476','春风十里',1,'https://lmfile.tvlongmao.com/10000476.jpg',1,1,2,1510114949,1511405114,1),(10000477,'12310000477','歌尽南风',1,'https://lmfile.tvlongmao.com/10000477.jpg',6,1,2,1510114949,1511405114,1),(10000478,'12310000478','浪雨随风',1,'https://lmfile.tvlongmao.com/10000478.jpg',14,1,2,1510114949,1511405115,1),(10000479,'12310000479','碎语微风',1,'https://lmfile.tvlongmao.com/10000479.jpg',14,1,2,1510114949,1511405115,1),(10000480,'12310000480','煦日清风',1,'https://lmfile.tvlongmao.com/10000480.jpg',25,1,2,1510114950,1511405115,1),(10000481,'12310000481','清风傲渊',1,'https://lmfile.tvlongmao.com/10000481.jpg',3,1,2,1510114950,1511405115,1),(10000482,'12310000482','凌风逐月',1,'https://lmfile.tvlongmao.com/10000482.jpg',12,1,2,1510114950,1511405115,1),(10000483,'12310000483','素笺顷风',1,'https://lmfile.tvlongmao.com/10000483.jpg',5,1,2,1510114950,1511405116,1),(10000484,'12310000484','清风挽笑',1,'https://lmfile.tvlongmao.com/10000484.jpg',3,1,2,1510114950,1511405116,1),(10000485,'12310000485','暗香盈袖',1,'https://lmfile.tvlongmao.com/10000485.jpg',1,1,2,1510114950,1511405116,1),(10000486,'12310000486','成熟控丶',1,'https://lmfile.tvlongmao.com/10000486.jpg',23,1,2,1510114950,1511405116,1),(10000487,'12310000487','安妮小熊',1,'https://lmfile.tvlongmao.com/10000487.jpg',9,1,2,1510114951,1511405117,1),(10000488,'12310000488','橙子哥灬',1,'https://lmfile.tvlongmao.com/10000488.jpg',11,1,2,1510114951,1511405117,1),(10000489,'12310000489','无醉清风',1,'https://lmfile.tvlongmao.com/10000489.jpg',1,1,2,1510114951,1511405117,1),(10000490,'12310000490','半宛清愁',1,'https://lmfile.tvlongmao.com/10000490.jpg',1,1,2,1510114951,1511405117,1),(10000491,'12310000491','没心没肺',1,'https://lmfile.tvlongmao.com/10000491.jpg',4,1,2,1510114951,1511405118,1),(10000492,'12310000492','安静就好',1,'https://lmfile.tvlongmao.com/10000492.jpg',6,1,2,1510114951,1511405118,1),(10000493,'12310000493','东城柚叶',1,'https://lmfile.tvlongmao.com/10000493.jpg',11,1,2,1510114951,1511405118,1),(10000494,'12310000494','国产爷们',1,'https://lmfile.tvlongmao.com/10000494.jpg',15,1,2,1510114952,1511405118,1),(10000495,'12310000495','无色记忆',1,'https://lmfile.tvlongmao.com/10000495.jpg',15,1,2,1510114952,1511405119,1),(10000496,'12310000496','命不低头',0,'https://lmfile.tvlongmao.com/10000496.jpg',3,1,2,1510114952,1511405119,1),(10000497,'12310000497','夏夜寻灬',1,'https://lmfile.tvlongmao.com/10000497.jpg',14,1,2,1510114952,1511405119,1),(10000498,'12310000498','千里留影',1,'https://lmfile.tvlongmao.com/10000498.jpg',13,1,2,1510114952,1511405119,1),(10000499,'12310000499','淺藍er',1,'https://lmfile.tvlongmao.com/10000499.jpg',15,1,2,1510114952,1511405119,1),(10000500,'12310000500','殇丶離別',1,'https://lmfile.tvlongmao.com/10000500.jpg',11,1,2,1510114952,1511405120,1),(10000501,'12310000501','时光路人',1,'https://lmfile.tvlongmao.com/10000501.jpg',8,1,2,1510114953,1511405120,1),(10000502,'12310000502','绝境落幕',1,'https://lmfile.tvlongmao.com/10000502.jpg',11,1,2,1510114953,1511405120,1),(10000503,'12310000503','半世之神',1,'https://lmfile.tvlongmao.com/10000503.jpg',2,1,2,1510114953,1511405120,1),(10000504,'12310000504','︶﹌彩狼',1,'https://lmfile.tvlongmao.com/10000504.jpg',6,1,2,1510114953,1511405121,1),(10000505,'12310000505','风逝影离',1,'https://lmfile.tvlongmao.com/10000505.jpg',9,1,2,1510114953,1511405121,1),(10000506,'12310000506','@梦恋云',1,'https://lmfile.tvlongmao.com/10000506.jpg',3,1,2,1510114953,1511405121,1),(10000507,'12310000507','空洞ゞつ',1,'https://lmfile.tvlongmao.com/10000507.jpg',17,1,2,1510114953,1511405121,1),(10000508,'12310000508','殇丶残云',1,'https://lmfile.tvlongmao.com/10000508.jpg',5,1,2,1510114954,1511405122,1),(10000509,'12310000509','半岛迷城',1,'https://lmfile.tvlongmao.com/10000509.jpg',12,1,2,1510114954,1511405122,1),(10000510,'12310000510','风逝无迹',1,'https://lmfile.tvlongmao.com/10000510.jpg',11,1,2,1510114954,1511405122,1),(10000511,'12310000511','无情莫爱',1,'https://lmfile.tvlongmao.com/10000511.jpg',20,1,2,1510114954,1511405122,1),(10000512,'12310000512','走丶着_',1,'https://lmfile.tvlongmao.com/10000512.jpg',14,1,2,1510114954,1511405122,1),(10000513,'12310000513','翡翠剧场',1,'https://lmfile.tvlongmao.com/10000513.jpg',16,1,2,1510114954,1511405123,1),(10000514,'12310000514','像一首歌',1,'https://lmfile.tvlongmao.com/10000514.jpg',1,1,2,1510114954,1511405123,1),(10000515,'12310000515','欣的岛屿',1,'https://lmfile.tvlongmao.com/10000515.jpg',5,1,2,1510114955,1511405123,1),(10000516,'12310000516','三尺白绫',1,'https://lmfile.tvlongmao.com/10000516.jpg',3,1,2,1510114955,1511405123,1),(10000517,'12310000517','人去楼空',0,'https://lmfile.tvlongmao.com/10000517.jpg',4,1,2,1510114955,1511405124,1),(10000518,'12310000518','化为须臾',1,'https://lmfile.tvlongmao.com/10000518.jpg',15,1,2,1510114955,1511405124,1),(10000519,'12310000519','一脸喜感',0,'https://lmfile.tvlongmao.com/10000519.jpg',20,1,2,1510114955,1511405124,1),(10000520,'12310000520','休息的风',1,'https://lmfile.tvlongmao.com/10000520.jpg',2,1,2,1510114955,1511405124,1),(10000521,'12310000521','落日西风',1,'https://lmfile.tvlongmao.com/10000521.jpg',1,1,2,1510114955,1511405124,1),(10000522,'12310000522','风的叹息',1,'https://lmfile.tvlongmao.com/10000522.jpg',10,1,2,1510114956,1511405125,1),(10000523,'12310000523','旧事安然',1,'https://lmfile.tvlongmao.com/10000523.jpg',15,1,2,1510114956,1511405125,1),(10000524,'12310000524','帅裂苍穹',1,'https://lmfile.tvlongmao.com/10000524.jpg',1,1,2,1510114956,1511405125,1),(10000525,'12310000525','失心木偶',1,'https://lmfile.tvlongmao.com/10000525.jpg',10,1,2,1510114956,1511405125,1),(10000526,'12310000526','安之若素',1,'https://lmfile.tvlongmao.com/10000526.jpg',1,1,2,1510114956,1511405126,1),(10000527,'12310000527','柠檬初夏',1,'https://lmfile.tvlongmao.com/10000527.jpg',3,1,2,1510114956,1511405126,1),(10000528,'12310000528','剑魄琴心',0,'https://lmfile.tvlongmao.com/10000528.jpg',13,1,2,1510114956,1511405126,1),(10000529,'12310000529','血染白霜',1,'https://lmfile.tvlongmao.com/10000529.jpg',3,1,2,1510114956,1511405126,1),(10000530,'12310000530','巧笑嫣然',1,'https://lmfile.tvlongmao.com/10000530.jpg',5,1,2,1510114957,1511405126,1),(10000531,'12310000531','别在敷衍',1,'https://lmfile.tvlongmao.com/10000531.jpg',14,1,2,1510114957,1511405127,1),(10000532,'12310000532','酷似你爹',1,'https://lmfile.tvlongmao.com/10000532.jpg',4,1,2,1510114957,1511405127,1),(10000533,'12310000533','純屬虛構',1,'https://lmfile.tvlongmao.com/10000533.jpg',4,1,2,1510114957,1511405127,1),(10000534,'12310000534','深爱不腻',1,'https://lmfile.tvlongmao.com/10000534.jpg',10,1,2,1510114957,1511405127,1),(10000535,'12310000535','涙在投降',1,'https://lmfile.tvlongmao.com/10000535.jpg',12,1,2,1510114957,1511405127,1),(10000536,'12310000536','稚始稚终',1,'https://lmfile.tvlongmao.com/10000536.jpg',2,1,2,1510114957,1511405128,1),(10000537,'12310000537','物罒亽啡',1,'https://lmfile.tvlongmao.com/10000537.jpg',4,1,2,1510114958,1511405128,1),(10000538,'12310000538','不爱请滚',1,'https://lmfile.tvlongmao.com/10000538.jpg',13,1,2,1510114958,1511405128,1),(10000539,'12310000539','蹲厕耍蛆',0,'https://lmfile.tvlongmao.com/10000539.jpg',1,1,2,1510114958,1511405128,1),(10000540,'12310000540','孤酒浪人',0,'https://lmfile.tvlongmao.com/10000540.jpg',2,1,2,1510114958,1511405129,1),(10000541,'12310000541','君临天下',1,'https://lmfile.tvlongmao.com/10000541.jpg',5,1,2,1510114958,1511405129,1),(10000542,'12310000542','烈酒灼喉',1,'https://lmfile.tvlongmao.com/10000542.jpg',1,1,2,1510114958,1511405129,1),(10000543,'12310000543','初识你名',1,'https://lmfile.tvlongmao.com/10000543.jpg',8,1,2,1510114958,1511405129,1),(10000544,'12310000544','说等却走',1,'https://lmfile.tvlongmao.com/10000544.jpg',11,1,2,1510114959,1511405130,1),(10000545,'12310000545','情深致命',1,'https://lmfile.tvlongmao.com/10000545.jpg',7,1,2,1510114959,1511405130,1),(10000546,'12310000546','懒癌入髓',1,'https://lmfile.tvlongmao.com/10000546.jpg',11,1,2,1510114959,1511405130,1),(10000547,'12310000547','蹲厕逗蛆',1,'https://lmfile.tvlongmao.com/10000547.jpg',11,1,2,1510114959,1511405130,1),(10000548,'12310000548','夏槿凉安',1,'https://lmfile.tvlongmao.com/10000548.jpg',23,1,2,1510114959,1511405131,1),(10000549,'12310000549','紫烟轻娆',1,'https://lmfile.tvlongmao.com/10000549.jpg',2,1,2,1510114959,1511405131,1),(10000550,'12310000550','还我期待',1,'https://lmfile.tvlongmao.com/10000550.jpg',13,1,2,1510114959,1511405131,1),(10000551,'12310000551','宁无爱@',1,'https://lmfile.tvlongmao.com/10000551.jpg',19,1,2,1510114960,1511405131,1),(10000552,'12310000552','过期不候',0,'https://lmfile.tvlongmao.com/10000552.jpg',14,1,2,1510114960,1511405131,1),(10000553,'12310000553','荼靡心境',1,'https://lmfile.tvlongmao.com/10000553.jpg',8,1,2,1510114960,1511405132,1),(10000554,'12310000554','紫瑟鸿黎',1,'https://lmfile.tvlongmao.com/10000554.jpg',12,1,2,1510114960,1511405132,1),(10000555,'12310000555','雨落轻尘',1,'https://lmfile.tvlongmao.com/10000555.jpg',1,1,2,1510114960,1511405132,1),(10000556,'12310000556','流云渡水',0,'https://lmfile.tvlongmao.com/10000556.jpg',2,1,2,1510114960,1511405132,1),(10000557,'12310000557','逆风扬尘',1,'https://lmfile.tvlongmao.com/10000557.jpg',5,1,2,1510114960,1511405132,1),(10000558,'12310000558','皇浦云溪',1,'https://lmfile.tvlongmao.com/10000558.jpg',13,1,2,1510114961,1511405133,1),(10000559,'12310000559','月色随风',0,'https://lmfile.tvlongmao.com/10000559.jpg',2,1,2,1510114961,1511405133,1),(10000560,'12310000560','独孤无语',1,'https://lmfile.tvlongmao.com/10000560.jpg',4,1,2,1510114961,1511405133,1),(10000561,'12310000561','澈如云汐',1,'https://lmfile.tvlongmao.com/10000561.jpg',16,1,2,1510114961,1511405133,1),(10000562,'12310000562','萧逝惊鸿',1,'https://lmfile.tvlongmao.com/10000562.jpg',14,1,2,1510114961,1511405134,1),(10000563,'12310000563','伊洛清尘',1,'https://lmfile.tvlongmao.com/10000563.jpg',23,1,2,1510114961,1511405134,1),(10000564,'12310000564','长歌倚楼',1,'https://lmfile.tvlongmao.com/10000564.jpg',7,1,2,1510114961,1511405134,1),(10000565,'12310000565','风里画沙',0,'https://lmfile.tvlongmao.com/10000565.jpg',10,1,2,1510114962,1511405134,1),(10000566,'12310000566','风烟影月',1,'https://lmfile.tvlongmao.com/10000566.jpg',5,1,2,1510114962,1511405135,1),(10000567,'12310000567','冬景离殇',1,'https://lmfile.tvlongmao.com/10000567.jpg',20,1,2,1510114962,1511405135,1),(10000568,'12310000568','红梅千雪',0,'https://lmfile.tvlongmao.com/10000568.jpg',8,1,2,1510114962,1511405135,1),(10000569,'12310000569','梅坼筱枫',1,'https://lmfile.tvlongmao.com/10000569.jpg',5,1,2,1510114962,1511405135,1),(10000570,'12310000570','博枫影月',1,'https://lmfile.tvlongmao.com/10000570.jpg',12,1,2,1510114962,1511405135,1),(10000571,'12310000571','末世岛屿',1,'https://lmfile.tvlongmao.com/10000571.jpg',7,1,2,1510114962,1511405136,1),(10000572,'12310000572','一丝苦笑',1,'https://lmfile.tvlongmao.com/10000572.jpg',13,1,2,1510114963,1511405136,1),(10000573,'12310000573','淡墨文竹',0,'https://lmfile.tvlongmao.com/10000573.jpg',7,1,2,1510114963,1511405136,1),(10000574,'12310000574','陌上烟雨',1,'https://lmfile.tvlongmao.com/10000574.jpg',10,1,2,1510114963,1511405137,1),(10000575,'12310000575','墨羽尘曦',1,'https://lmfile.tvlongmao.com/10000575.jpg',2,1,2,1510114963,1511405137,1),(10000576,'12310000576','雨博韵潇',0,'https://lmfile.tvlongmao.com/10000576.jpg',5,1,2,1510114963,1511405137,1),(10000577,'12310000577','泪染倾城',1,'https://lmfile.tvlongmao.com/10000577.jpg',2,1,2,1510114963,1511405137,1),(10000578,'12310000578','羽之蝶幻',0,'https://lmfile.tvlongmao.com/10000578.jpg',22,1,2,1510114963,1511405137,1),(10000579,'12310000579','浅色夏沫',1,'https://lmfile.tvlongmao.com/10000579.jpg',9,1,2,1510114964,1511405138,1),(10000580,'12310000580','良人未归',1,'https://lmfile.tvlongmao.com/10000580.jpg',11,1,2,1510114964,1511405138,1),(10000581,'12310000581','墨殇浅辰',1,'https://lmfile.tvlongmao.com/10000581.jpg',2,1,2,1510114964,1511405138,1),(10000582,'12310000582','苍茫大海',1,'https://lmfile.tvlongmao.com/10000582.jpg',2,1,2,1510114964,1511405138,1),(10000583,'12310000583','旧人不复',0,'https://lmfile.tvlongmao.com/10000583.jpg',4,1,2,1510114964,1511405139,1),(10000584,'12310000584','尘埃未定',1,'https://lmfile.tvlongmao.com/10000584.jpg',15,1,2,1510114964,1511405139,1),(10000585,'12310000585','半世流离',1,'https://lmfile.tvlongmao.com/10000585.jpg',13,1,2,1510114964,1511405139,1),(10000586,'12310000586','浮生若梦',0,'https://lmfile.tvlongmao.com/10000586.jpg',0,1,2,1510114964,1511405139,1),(10000587,'12310000587','天涯浪人',1,'https://lmfile.tvlongmao.com/10000587.jpg',10,1,2,1510114965,1511405140,1),(10000588,'12310000588','一夕一夏',1,'https://lmfile.tvlongmao.com/10000588.jpg',15,1,2,1510114965,1511405140,1),(10000589,'12310000589','夏慕槿苏',1,'https://lmfile.tvlongmao.com/10000589.jpg',13,1,2,1510114965,1511405140,1),(10000590,'12310000590','清酒孤灯',1,'https://lmfile.tvlongmao.com/10000590.jpg',15,1,2,1510114965,1511405140,1),(10000591,'12310000591','花开淡墨',1,'https://lmfile.tvlongmao.com/10000591.jpg',3,1,2,1510114965,1511405140,1),(10000592,'12310000592','忠贞罘渝',1,'https://lmfile.tvlongmao.com/10000592.jpg',3,1,2,1510114965,1511405141,1),(10000593,'12310000593','寒江独钓',1,'https://lmfile.tvlongmao.com/10000593.jpg',7,1,2,1510114965,1511405141,1),(10000594,'12310000594','夕夏温存',1,'https://lmfile.tvlongmao.com/10000594.jpg',2,1,2,1510114966,1511405141,1),(10000595,'12310000595','空城旧梦',1,'https://lmfile.tvlongmao.com/10000595.jpg',12,1,2,1510114966,1511405141,1),(10000596,'12310000596','不即不离',0,'https://lmfile.tvlongmao.com/10000596.jpg',3,1,2,1510114966,1511405142,1),(10000597,'12310000597','浅唱蝶舞',1,'https://lmfile.tvlongmao.com/10000597.jpg',8,1,2,1510114966,1511405142,1),(10000598,'12310000598','蓅哖之殇',1,'https://lmfile.tvlongmao.com/10000598.jpg',4,1,2,1510114966,1511405142,1),(10000599,'12310000599','花落成殇',1,'https://lmfile.tvlongmao.com/10000599.jpg',11,1,2,1510114966,1511405142,1),(10000600,'12310000600','浮生如梦',1,'https://lmfile.tvlongmao.com/10000600.jpg',2,1,2,1510114966,1511405143,1),(10000601,'12310000601','黑羽蝶舞',1,'https://lmfile.tvlongmao.com/10000601.jpg',9,1,2,1510114967,1511405143,1),(10000602,'12310000602','轻斟浅醉',0,'https://lmfile.tvlongmao.com/10000602.jpg',9,1,2,1510114967,1511405143,1),(10000603,'12310000603','踏晨雨燕',1,'https://lmfile.tvlongmao.com/10000603.jpg',14,1,2,1510114967,1511405143,1),(10000604,'12310000604','蝶衣羽化',1,'https://lmfile.tvlongmao.com/10000604.jpg',11,1,2,1510114967,1511405144,1),(10000605,'12310000605','夕阳光下',1,'https://lmfile.tvlongmao.com/10000605.jpg',1,1,2,1510114967,1511405144,1),(10000606,'12310000606','俄心永恒',1,'https://lmfile.tvlongmao.com/10000606.jpg',2,1,2,1510114967,1511405144,1),(10000607,'12310000607','青衫故人',1,'https://lmfile.tvlongmao.com/10000607.jpg',6,1,2,1510114967,1511405144,1),(10000608,'12310000608','只言片语',1,'https://lmfile.tvlongmao.com/10000608.jpg',1,1,2,1510114968,1511405144,1),(10000609,'12310000609','半夏微涼',1,'https://lmfile.tvlongmao.com/10000609.jpg',10,1,2,1510114968,1511405145,1),(10000610,'12310000610','情歌绕耳',0,'https://lmfile.tvlongmao.com/10000610.jpg',14,1,2,1510114968,1511405145,1),(10000611,'12310000611','飞蛾扑火',1,'https://lmfile.tvlongmao.com/10000611.jpg',2,1,2,1510114968,1511405145,1),(10000612,'12310000612','懒得热情',1,'https://lmfile.tvlongmao.com/10000612.jpg',4,1,2,1510114968,1511405145,1),(10000613,'12310000613','爱狠无奈',0,'https://lmfile.tvlongmao.com/10000613.jpg',1,1,2,1510114968,1511405146,1),(10000614,'12310000614','倒影年华',1,'https://lmfile.tvlongmao.com/10000614.jpg',6,1,2,1510114968,1511405146,1),(10000615,'12310000615','瀚海阑干',1,'https://lmfile.tvlongmao.com/10000615.jpg',8,1,2,1510114969,1511405146,1),(10000616,'12310000616','一米阳光',1,'https://lmfile.tvlongmao.com/10000616.jpg',14,1,2,1510114969,1511405146,1),(10000617,'12310000617','似水流年',1,'https://lmfile.tvlongmao.com/10000617.jpg',25,1,2,1510114969,1511405147,1),(10000618,'12310000618','冰冷艳城',1,'https://lmfile.tvlongmao.com/10000618.jpg',1,1,2,1510114969,1511405147,1),(10000619,'12310000619','水墨江山',1,'https://lmfile.tvlongmao.com/10000619.jpg',8,1,2,1510114969,1511405147,1),(10000620,'12310000620','饮一段情',1,'https://lmfile.tvlongmao.com/10000620.jpg',8,1,2,1510114969,1511405147,1),(10000621,'12310000621','淡然若水',1,'https://lmfile.tvlongmao.com/10000621.jpg',15,1,2,1510114969,1511405147,1),(10000622,'12310000622','荒野星辰',0,'https://lmfile.tvlongmao.com/10000622.jpg',6,1,2,1510114970,1511405148,1),(10000623,'12310000623','冷艳红唇',0,'https://lmfile.tvlongmao.com/10000623.jpg',9,1,2,1510114970,1511405148,1),(10000624,'12310000624','星空冬雪',0,'https://lmfile.tvlongmao.com/10000624.jpg',1,1,2,1510114970,1511405148,1),(10000625,'12310000625','水清梦蓝',1,'https://lmfile.tvlongmao.com/10000625.jpg',6,1,2,1510114970,1511405148,1),(10000626,'12310000626','北海茫月',1,'https://lmfile.tvlongmao.com/10000626.jpg',1,1,2,1510114970,1511405149,1),(10000627,'12310000627','醉雨非烟',1,'https://lmfile.tvlongmao.com/10000627.jpg',14,1,2,1510114970,1511405149,1),(10000628,'12310000628','时光纷乱',1,'https://lmfile.tvlongmao.com/10000628.jpg',14,1,2,1510114970,1511405149,1),(10000629,'12310000629','冰花雪月',1,'https://lmfile.tvlongmao.com/10000629.jpg',3,1,2,1510114971,1511405149,1),(10000630,'12310000630','浅笑安然',1,'https://lmfile.tvlongmao.com/10000630.jpg',12,1,2,1510114971,1511405150,1),(10000631,'12310000631','绛雪红唇',1,'https://lmfile.tvlongmao.com/10000631.jpg',15,1,2,1510114971,1511405150,1),(10000632,'12310000632','流云如水',1,'https://lmfile.tvlongmao.com/10000632.jpg',1,1,2,1510114971,1511405150,1),(10000633,'12310000633','卿沐璃雪',0,'https://lmfile.tvlongmao.com/10000633.jpg',10,1,2,1510114971,1511405150,1),(10000634,'12310000634','漫雪独思',0,'https://lmfile.tvlongmao.com/10000634.jpg',22,1,2,1510114971,1511405150,1),(10000635,'12310000635','冰浅丹青',1,'https://lmfile.tvlongmao.com/10000635.jpg',13,1,2,1510114971,1511405151,1),(10000636,'12310000636','嫣然一笑',1,'https://lmfile.tvlongmao.com/10000636.jpg',3,1,2,1510114972,1511405151,1),(10000637,'12310000637','蓝色梦幻',1,'https://lmfile.tvlongmao.com/10000637.jpg',2,1,2,1510114972,1511405151,1),(10000638,'12310000638','依恋冰雪',1,'https://lmfile.tvlongmao.com/10000638.jpg',23,1,2,1510114972,1511405151,1),(10000639,'12310000639','伴我多久',1,'https://lmfile.tvlongmao.com/10000639.jpg',7,1,2,1510114972,1511405152,1),(10000640,'12310000640','青衣居士',1,'https://lmfile.tvlongmao.com/10000640.jpg',1,1,2,1510114972,1511405152,1),(10000641,'12310000641','高山流水',1,'https://lmfile.tvlongmao.com/10000641.jpg',9,1,2,1510114972,1511405152,1),(10000642,'12310000642','烟岭寂静',1,'https://lmfile.tvlongmao.com/10000642.jpg',16,1,2,1510114972,1511405152,1),(10000643,'12310000643','无言温柔',1,'https://lmfile.tvlongmao.com/10000643.jpg',9,1,2,1510114972,1511405153,1),(10000644,'12310000644','迷人妻.',1,'https://lmfile.tvlongmao.com/10000644.jpg',10,1,2,1510114973,1511405153,1),(10000645,'12310000645','万箭穿逼',1,'https://lmfile.tvlongmao.com/10000645.jpg',14,1,2,1510114973,1511405153,1),(10000646,'12310000646','吸舔取精',1,'https://lmfile.tvlongmao.com/10000646.jpg',14,1,2,1510114973,1511405153,1),(10000647,'12310000647','逼大无脑',1,'https://lmfile.tvlongmao.com/10000647.jpg',4,1,2,1510114973,1511405153,1),(10000648,'12310000648','野区你爹',1,'https://lmfile.tvlongmao.com/10000648.jpg',2,1,2,1510114973,1511405154,1),(10000649,'12310000649','大长腿ブ',1,'https://lmfile.tvlongmao.com/10000649.jpg',1,1,2,1510114973,1511405154,1),(10000650,'12310000650','：中二范',0,'https://lmfile.tvlongmao.com/10000650.jpg',1,1,2,1510114973,1511405154,1),(10000651,'12310000651','稚气少女',1,'https://lmfile.tvlongmao.com/10000651.jpg',10,1,2,1510114974,1511405154,1),(10000652,'12310000652','痞子浪妓',1,'https://lmfile.tvlongmao.com/10000652.jpg',7,1,2,1510114974,1511405155,1),(10000653,'12310000653','陌生关系',1,'https://lmfile.tvlongmao.com/10000653.jpg',7,1,2,1510114974,1511405155,1),(10000654,'12310000654','庆幸自由',1,'https://lmfile.tvlongmao.com/10000654.jpg',14,1,2,1510114974,1511405155,1),(10000655,'12310000655','人生苦短',1,'https://lmfile.tvlongmao.com/10000655.jpg',2,1,2,1510114974,1511405155,1),(10000656,'12310000656','故事与你',1,'https://lmfile.tvlongmao.com/10000656.jpg',6,1,2,1510114974,1511405156,1),(10000657,'12310000657','画地为牢',1,'https://lmfile.tvlongmao.com/10000657.jpg',25,1,2,1510114975,1511405156,1),(10000658,'12310000658','假装不帅',1,'https://lmfile.tvlongmao.com/10000658.jpg',5,1,2,1510114975,1511405156,1),(10000659,'12310000659','撩妹杀手',1,'https://lmfile.tvlongmao.com/10000659.jpg',9,1,2,1510114975,1511405156,1),(10000660,'12310000660','傲气冲地',1,'https://lmfile.tvlongmao.com/10000660.jpg',2,1,2,1510114975,1511405156,1),(10000661,'12310000661','抚菊圣手',1,'https://lmfile.tvlongmao.com/10000661.jpg',11,1,2,1510114975,1511405157,1),(10000662,'12310000662','狼の嚣张',1,'https://lmfile.tvlongmao.com/10000662.jpg',0,1,2,1510114975,1511405157,1),(10000663,'12310000663','不念过去',1,'https://lmfile.tvlongmao.com/10000663.jpg',9,1,2,1510114975,1511405157,1),(10000664,'12310000664','小花骨朵',1,'https://lmfile.tvlongmao.com/10000664.jpg',11,1,2,1510114976,1511405157,1),(10000665,'12310000665','言不由衷',1,'https://lmfile.tvlongmao.com/10000665.jpg',1,1,2,1510114976,1511405157,1),(10000666,'12310000666','感情逃犯',1,'https://lmfile.tvlongmao.com/10000666.jpg',2,1,2,1510114976,1511405158,1),(10000667,'12310000667','热情过火',1,'https://lmfile.tvlongmao.com/10000667.jpg',11,1,2,1510114976,1511405158,1),(10000668,'12310000668','与你情深',1,'https://lmfile.tvlongmao.com/10000668.jpg',12,1,2,1510114976,1511405158,1),(10000669,'12310000669','视你为宝',1,'https://lmfile.tvlongmao.com/10000669.jpg',8,1,2,1510114976,1511405158,1),(10000670,'12310000670','时光凉薄',1,'https://lmfile.tvlongmao.com/10000670.jpg',1,1,2,1510114976,1511405158,1),(10000671,'12310000671','勿忘初心',1,'https://lmfile.tvlongmao.com/10000671.jpg',12,1,2,1510114977,1511405159,1),(10000672,'12310000672','情场剩女',1,'https://lmfile.tvlongmao.com/10000672.jpg',5,1,2,1510114977,1511405159,1),(10000673,'12310000673','菰獨守护',1,'https://lmfile.tvlongmao.com/10000673.jpg',3,1,2,1510114977,1511405159,1),(10000674,'12310000674','安然浅笑',1,'https://lmfile.tvlongmao.com/10000674.jpg',21,1,2,1510114977,1511405159,1),(10000675,'12310000675','过分痴迷',1,'https://lmfile.tvlongmao.com/10000675.jpg',2,1,2,1510114977,1511405160,1),(10000676,'12310000676','感情戏子',1,'https://lmfile.tvlongmao.com/10000676.jpg',15,1,2,1510114977,1511405160,1),(10000677,'12310000677','你拥我暖',1,'https://lmfile.tvlongmao.com/10000677.jpg',7,1,2,1510114978,1511405160,1),(10000678,'12310000678','爱情废柴',1,'https://lmfile.tvlongmao.com/10000678.jpg',14,1,2,1510114978,1511405160,1),(10000679,'12310000679','旧梦已逝',0,'https://lmfile.tvlongmao.com/10000679.jpg',14,1,2,1510114978,1511405161,1),(10000680,'12310000680','无字情书',1,'https://lmfile.tvlongmao.com/10000680.jpg',0,1,2,1510114978,1511405161,1),(10000681,'12310000681','浅蓝Sè',1,'https://lmfile.tvlongmao.com/10000681.jpg',6,1,2,1510114978,1511405161,1),(10000682,'12310000682','借风拥你',1,'https://lmfile.tvlongmao.com/10000682.jpg',9,1,2,1510114978,1511405161,1),(10000683,'12310000683','恰好心动',1,'https://lmfile.tvlongmao.com/10000683.jpg',20,1,2,1510114978,1511405161,1),(10000684,'12310000684','落花听雨',1,'https://lmfile.tvlongmao.com/10000684.jpg',20,1,2,1510114979,1511405162,1),(10000685,'12310000685','莞尔一笑',1,'https://lmfile.tvlongmao.com/10000685.jpg',9,1,2,1510114979,1511405162,1),(10000686,'12310000686','宀呗乖乖',1,'https://lmfile.tvlongmao.com/10000686.jpg',15,1,2,1510114979,1511405162,1),(10000687,'12310000687','孤久厌闹',1,'https://lmfile.tvlongmao.com/10000687.jpg',17,1,2,1510114979,1511405162,1),(10000688,'12310000688','耳听山风',1,'https://lmfile.tvlongmao.com/10000688.jpg',14,1,2,1510114979,1511405162,1),(10000689,'12310000689','离人未归',1,'https://lmfile.tvlongmao.com/10000689.jpg',11,1,2,1510114979,1511405163,1),(10000690,'12310000690','悲喜自饮',1,'https://lmfile.tvlongmao.com/10000690.jpg',13,1,2,1510114979,1511405163,1),(10000691,'12310000691','执手温酒',1,'https://lmfile.tvlongmao.com/10000691.jpg',6,1,2,1510114979,1511405163,1),(10000692,'12310000692','親伱尐嘴',1,'https://lmfile.tvlongmao.com/10000692.jpg',16,1,2,1510114980,1511405163,1),(10000693,'12310000693','久爱不离',0,'https://lmfile.tvlongmao.com/10000693.jpg',0,1,2,1510114980,1511405164,1),(10000694,'12310000694','一身宠爱',1,'https://lmfile.tvlongmao.com/10000694.jpg',11,1,2,1510114980,1511405164,1),(10000695,'12310000695','柔若温粥',1,'https://lmfile.tvlongmao.com/10000695.jpg',1,1,2,1510114980,1511405164,1),(10000696,'12310000696','后会无期',1,'https://lmfile.tvlongmao.com/10000696.jpg',5,1,2,1510114980,1511405164,1),(10000697,'12310000697','旧事酒浓',0,'https://lmfile.tvlongmao.com/10000697.jpg',7,1,2,1510114980,1511405165,1),(10000698,'12310000698','咽泪装欢',1,'https://lmfile.tvlongmao.com/10000698.jpg',6,1,2,1510114980,1511405165,1),(10000699,'12310000699','鱼亡深海',1,'https://lmfile.tvlongmao.com/10000699.jpg',15,1,2,1510114981,1511405165,1),(10000700,'12310000700','千城墨白',1,'https://lmfile.tvlongmao.com/10000700.jpg',4,1,2,1510114981,1511405165,1),(10000701,'12310000701','酒笙清栀',1,'https://lmfile.tvlongmao.com/10000701.jpg',7,1,2,1510114981,1511405165,1),(10000702,'12310000702','深居她心',0,'https://lmfile.tvlongmao.com/10000702.jpg',8,1,2,1510114981,1511405166,1),(10000703,'12310000703','挽及清风',1,'https://lmfile.tvlongmao.com/10000703.jpg',8,1,2,1510114981,1511405166,1),(10000704,'12310000704','北港初晴',1,'https://lmfile.tvlongmao.com/10000704.jpg',18,1,2,1510114981,1511405166,1),(10000705,'12310000705','薄荷绿ζ',1,'https://lmfile.tvlongmao.com/10000705.jpg',1,1,2,1510114981,1511405166,1),(10000706,'12310000706','有點壞Ω',0,'https://lmfile.tvlongmao.com/10000706.jpg',18,1,2,1510114982,1511405166,1),(10000707,'12310000707','薄荷糖⊕',1,'https://lmfile.tvlongmao.com/10000707.jpg',4,1,2,1510114982,1511405167,1),(10000708,'12310000708','挽青丝.',1,'https://lmfile.tvlongmao.com/10000708.jpg',9,1,2,1510114982,1511405167,1),(10000709,'12310000709','糖果果℃',1,'https://lmfile.tvlongmao.com/10000709.jpg',12,1,2,1510114982,1511405167,1),(10000710,'12310000710','醉ら逍遥',1,'https://lmfile.tvlongmao.com/10000710.jpg',2,1,2,1510114982,1511405167,1),(10000711,'12310000711','惧人心°',1,'https://lmfile.tvlongmao.com/10000711.jpg',18,1,2,1510114982,1511405168,1),(10000712,'12310000712','安泽熙〃',1,'https://lmfile.tvlongmao.com/10000712.jpg',13,1,2,1510114982,1511405168,1),(10000713,'12310000713','躱貓貓♀',1,'https://lmfile.tvlongmao.com/10000713.jpg',12,1,2,1510114983,1511405168,1),(10000714,'12310000714','碎碎唸〆',1,'https://lmfile.tvlongmao.com/10000714.jpg',7,1,2,1510114983,1511405168,1),(10000715,'12310000715','静候缘来',1,'https://lmfile.tvlongmao.com/10000715.jpg',23,1,2,1510114983,1511405169,1),(10000716,'12310000716','若水盈盈',1,'https://lmfile.tvlongmao.com/10000716.jpg',8,1,2,1510114983,1511405169,1),(10000717,'12310000717','弱柳扶风',1,'https://lmfile.tvlongmao.com/10000717.jpg',19,1,2,1510114983,1511405169,1),(10000718,'12310000718','红叶飘零',1,'https://lmfile.tvlongmao.com/10000718.jpg',12,1,2,1510114983,1511405169,1),(10000719,'12310000719','潇潇梦涵',1,'https://lmfile.tvlongmao.com/10000719.jpg',10,1,2,1510114983,1511405169,1),(10000720,'12310000720','甜心教主',1,'https://lmfile.tvlongmao.com/10000720.jpg',15,1,2,1510114984,1511405170,1),(10000721,'12310000721','亡心忘情',1,'https://lmfile.tvlongmao.com/10000721.jpg',2,1,2,1510114984,1511405170,1),(10000722,'12310000722','爱后余生',1,'https://lmfile.tvlongmao.com/10000722.jpg',2,1,2,1510114984,1511405170,1),(10000723,'12310000723','鬧情绪\'',1,'https://lmfile.tvlongmao.com/10000723.jpg',4,1,2,1510114984,1511405170,1),(10000724,'12310000724','紫菱靓雪',1,'https://lmfile.tvlongmao.com/10000724.jpg',7,1,2,1510114984,1511405171,1),(10000725,'12310000725','椰岛神话',1,'https://lmfile.tvlongmao.com/10000725.jpg',13,1,2,1510114984,1511405171,1),(10000726,'12310000726','笑拥孤独',1,'https://lmfile.tvlongmao.com/10000726.jpg',5,1,2,1510114984,1511405171,1),(10000727,'12310000727','﹏燃曦＂',1,'https://lmfile.tvlongmao.com/10000727.jpg',3,1,2,1510114985,1511405171,1),(10000728,'12310000728','残月悲梦',1,'https://lmfile.tvlongmao.com/10000728.jpg',0,1,2,1510114985,1511405172,1),(10000729,'12310000729','绝尘映雪',1,'https://lmfile.tvlongmao.com/10000729.jpg',13,1,2,1510114985,1511405172,1),(10000730,'12310000730','＄＊虔沫',1,'https://lmfile.tvlongmao.com/10000730.jpg',4,1,2,1510114985,1511405172,1),(10000731,'12310000731','拾年格桑',1,'https://lmfile.tvlongmao.com/10000731.jpg',15,1,2,1510114985,1511405172,1),(10000732,'12310000732','暧啶吥离',0,'https://lmfile.tvlongmao.com/10000732.jpg',11,1,2,1510114985,1511405172,1),(10000733,'12310000733','王子归来',1,'https://lmfile.tvlongmao.com/10000733.jpg',25,1,2,1510114986,1511405173,1),(10000734,'12310000734','寒雪傲梅',1,'https://lmfile.tvlongmao.com/10000734.jpg',9,1,2,1510114986,1511405173,1),(10000735,'12310000735','年华似锦',1,'https://lmfile.tvlongmao.com/10000735.jpg',15,1,2,1510114986,1511405173,1),(10000736,'12310000736','空白的我',1,'https://lmfile.tvlongmao.com/10000736.jpg',23,1,2,1510114986,1511405173,1),(10000737,'12310000737','初见倾心',1,'https://lmfile.tvlongmao.com/10000737.jpg',14,1,2,1510114986,1511405174,1),(10000738,'12310000738','流绪微梦',1,'https://lmfile.tvlongmao.com/10000738.jpg',12,1,2,1510114986,1511405174,1),(10000739,'12310000739','蔷花红莲',1,'https://lmfile.tvlongmao.com/10000739.jpg',5,1,2,1510114986,1511405174,1),(10000740,'12310000740','蝴蝶花〆',0,'https://lmfile.tvlongmao.com/10000740.jpg',15,1,2,1510114987,1511405174,1),(10000741,'12310000741','契约之心',1,'https://lmfile.tvlongmao.com/10000741.jpg',16,1,2,1510114987,1511405174,1),(10000742,'12310000742','嫣梦雨烟',1,'https://lmfile.tvlongmao.com/10000742.jpg',2,1,2,1510114987,1511405175,1),(10000743,'12310000743','穿心玫瑰',0,'https://lmfile.tvlongmao.com/10000743.jpg',5,1,2,1510114987,1511405175,1),(10000744,'12310000744','错过花期',1,'https://lmfile.tvlongmao.com/10000744.jpg',14,1,2,1510114987,1511405175,1),(10000745,'12310000745','静夜春水',0,'https://lmfile.tvlongmao.com/10000745.jpg',9,1,2,1510114987,1511405175,1),(10000746,'12310000746','霜思白暮',1,'https://lmfile.tvlongmao.com/10000746.jpg',24,1,2,1510114987,1511405176,1),(10000747,'12310000747','季末花絮',1,'https://lmfile.tvlongmao.com/10000747.jpg',14,1,2,1510114988,1511405176,1),(10000748,'12310000748','若水出尘',1,'https://lmfile.tvlongmao.com/10000748.jpg',1,1,2,1510114988,1511405176,1),(10000749,'12310000749','望空思月',1,'https://lmfile.tvlongmao.com/10000749.jpg',0,1,2,1510114988,1511405176,1),(10000750,'12310000750','安然而乐',0,'https://lmfile.tvlongmao.com/10000750.jpg',9,1,2,1510114988,1511405177,1),(10000751,'12310000751','败北少年',1,'https://lmfile.tvlongmao.com/10000751.jpg',22,1,2,1510114988,1511405177,1),(10000752,'12310000752','梦在对岸',1,'https://lmfile.tvlongmao.com/10000752.jpg',9,1,2,1510114988,1511405177,1),(10000753,'12310000753','守望幸福',1,'https://lmfile.tvlongmao.com/10000753.jpg',13,1,2,1510114988,1511405177,1),(10000754,'12310000754','淺淺@嗳',0,'https://lmfile.tvlongmao.com/10000754.jpg',14,1,2,1510114988,1511405177,1),(10000755,'12310000755','℡若颜﹏',1,'https://lmfile.tvlongmao.com/10000755.jpg',6,1,2,1510114989,1511405178,1),(10000756,'12310000756','雪域风云',1,'https://lmfile.tvlongmao.com/10000756.jpg',12,1,2,1510114989,1511405178,1),(10000757,'12310000757','清晨暮雨',1,'https://lmfile.tvlongmao.com/10000757.jpg',5,1,2,1510114989,1511405178,1),(10000758,'12310000758','紫蝶之纞',1,'https://lmfile.tvlongmao.com/10000758.jpg',8,1,2,1510114989,1511405178,1),(10000759,'12310000759','与苦相伴',1,'https://lmfile.tvlongmao.com/10000759.jpg',8,1,2,1510114989,1511405178,1),(10000760,'12310000760','静思棋路',1,'https://lmfile.tvlongmao.com/10000760.jpg',12,1,2,1510114989,1511405179,1),(10000761,'12310000761','♀不离♀',1,'https://lmfile.tvlongmao.com/10000761.jpg',8,1,2,1510114989,1511405179,1),(10000762,'12310000762','旧巷故人',1,'https://lmfile.tvlongmao.com/10000762.jpg',18,1,2,1510114990,1511405179,1),(10000763,'12310000763','゛墨沫℡',1,'https://lmfile.tvlongmao.com/10000763.jpg',4,1,2,1510114990,1511405179,1),(10000764,'12310000764','语过添情',0,'https://lmfile.tvlongmao.com/10000764.jpg',5,1,2,1510114990,1511405180,1),(10000765,'12310000765','樱吹雪.',1,'https://lmfile.tvlongmao.com/10000765.jpg',3,1,2,1510114990,1511405180,1),(10000766,'12310000766','小时光。',1,'https://lmfile.tvlongmao.com/10000766.jpg',21,1,2,1510114990,1511405180,1),(10000767,'12310000767','嫣然回眸',1,'https://lmfile.tvlongmao.com/10000767.jpg',10,1,2,1510114990,1511405180,1),(10000768,'12310000768','衍夏成歌',0,'https://lmfile.tvlongmao.com/10000768.jpg',11,1,2,1510114990,1511405180,1),(10000769,'12310000769','桃花深处',1,'https://lmfile.tvlongmao.com/10000769.jpg',5,1,2,1510114991,1511405181,1),(10000770,'12310000770','夏风如歌',1,'https://lmfile.tvlongmao.com/10000770.jpg',15,1,2,1510114991,1511405181,1),(10000771,'12310000771','一梦荼蘼',1,'https://lmfile.tvlongmao.com/10000771.jpg',3,1,2,1510114991,1511405181,1),(10000772,'12310000772','素笺生花',0,'https://lmfile.tvlongmao.com/10000772.jpg',8,1,2,1510114991,1511405181,1),(10000773,'12310000773','清扬婉兮',1,'https://lmfile.tvlongmao.com/10000773.jpg',8,1,2,1510114991,1511405182,1),(10000774,'12310000774','暗香初醒',0,'https://lmfile.tvlongmao.com/10000774.jpg',9,1,2,1510114991,1511405182,1),(10000775,'12310000775','陌上花开',1,'https://lmfile.tvlongmao.com/10000775.jpg',9,1,2,1510114992,1511405182,1),(10000776,'12310000776','九月茉莉',1,'https://lmfile.tvlongmao.com/10000776.jpg',4,1,2,1510114992,1511405182,1),(10000777,'12310000777','烟云似雪',1,'https://lmfile.tvlongmao.com/10000777.jpg',1,1,2,1510114992,1511405183,1),(10000778,'12310000778','冷月飘霜',1,'https://lmfile.tvlongmao.com/10000778.jpg',19,1,2,1510114992,1511405183,1),(10000779,'12310000779','花开宿语',1,'https://lmfile.tvlongmao.com/10000779.jpg',13,1,2,1510114992,1511405183,1),(10000780,'12310000780','竹香雨影',1,'https://lmfile.tvlongmao.com/10000780.jpg',10,1,2,1510114992,1511405183,1),(10000781,'12310000781','十指曼若',1,'https://lmfile.tvlongmao.com/10000781.jpg',12,1,2,1510114992,1511405184,1),(10000782,'12310000782','雨润静荷',1,'https://lmfile.tvlongmao.com/10000782.jpg',3,1,2,1510114993,1511405184,1),(10000783,'12310000783','彼岸雨露',1,'https://lmfile.tvlongmao.com/10000783.jpg',7,1,2,1510114993,1511405184,1),(10000784,'12310000784','苩衣慕膤',1,'https://lmfile.tvlongmao.com/10000784.jpg',5,1,2,1510114993,1511405184,1),(10000785,'12310000785','往事清秋',1,'https://lmfile.tvlongmao.com/10000785.jpg',6,1,2,1510114993,1511405184,1),(10000786,'12310000786','七色凉橙',1,'https://lmfile.tvlongmao.com/10000786.jpg',5,1,2,1510114993,1511405185,1),(10000787,'12310000787','微雨花间',1,'https://lmfile.tvlongmao.com/10000787.jpg',6,1,2,1510114993,1511405185,1),(10000788,'12310000788','青莲白雾',1,'https://lmfile.tvlongmao.com/10000788.jpg',14,1,2,1510114993,1511405185,1),(10000789,'12310000789','森里伊人',1,'https://lmfile.tvlongmao.com/10000789.jpg',2,1,2,1510114994,1511405185,1),(10000790,'12310000790','｛襟上花',1,'https://lmfile.tvlongmao.com/10000790.jpg',4,1,2,1510114994,1511405186,1),(10000791,'12310000791','雨晨清风',1,'https://lmfile.tvlongmao.com/10000791.jpg',16,1,2,1510114994,1511405186,1),(10000792,'12310000792','白衣未央',1,'https://lmfile.tvlongmao.com/10000792.jpg',4,1,2,1510114994,1511405186,1),(10000793,'12310000793','风过无痕',1,'https://lmfile.tvlongmao.com/10000793.jpg',1,1,2,1510114994,1511405186,1),(10000794,'12310000794','阳光笑脸',1,'https://lmfile.tvlongmao.com/10000794.jpg',17,1,2,1510114994,1511405186,1),(10000795,'12310000795','如诗如画',0,'https://lmfile.tvlongmao.com/10000795.jpg',12,1,2,1510114994,1511405187,1),(10000796,'12310000796','过期恋人',1,'https://lmfile.tvlongmao.com/10000796.jpg',5,1,2,1510114995,1511405187,1),(10000797,'12310000797','何方妖孽',1,'https://lmfile.tvlongmao.com/10000797.jpg',14,1,2,1510114995,1511405187,1),(10000798,'12310000798','二逼鉛筆',1,'https://lmfile.tvlongmao.com/10000798.jpg',6,1,2,1510114995,1511405187,1),(10000799,'12310000799','缺氧的鱼',1,'https://lmfile.tvlongmao.com/10000799.jpg',12,1,2,1510114995,1511405188,1),(10000800,'12310000800','哎呀妈呀',1,'https://lmfile.tvlongmao.com/10000800.jpg',9,1,2,1510114995,1511405188,1),(10000801,'12310000801','心毒如蝎',1,'https://lmfile.tvlongmao.com/10000801.jpg',2,1,2,1510114995,1511405188,1),(10000802,'12310000802','孩子他爹',1,'https://lmfile.tvlongmao.com/10000802.jpg',8,1,2,1510114995,1511405188,1),(10000803,'12310000803','姓大名爷',1,'https://lmfile.tvlongmao.com/10000803.jpg',8,1,2,1510114996,1511405188,1),(10000804,'12310000804','嘟嘟ō觜',1,'https://lmfile.tvlongmao.com/10000804.jpg',24,1,2,1510114996,1511405189,1),(10000805,'12310000805','水煮活人',1,'https://lmfile.tvlongmao.com/10000805.jpg',7,1,2,1510114996,1511405189,1),(10000806,'12310000806','人狗殊途',1,'https://lmfile.tvlongmao.com/10000806.jpg',11,1,2,1510114996,1511405189,1),(10000807,'12310000807','斷人腸っ',1,'https://lmfile.tvlongmao.com/10000807.jpg',9,1,2,1510114996,1511405189,1),(10000808,'12310000808','十梦九她',1,'https://lmfile.tvlongmao.com/10000808.jpg',14,1,2,1510114996,1511405190,1),(10000809,'12310000809','伱好瞎*',1,'https://lmfile.tvlongmao.com/10000809.jpg',14,1,2,1510114996,1511405190,1),(10000810,'12310000810','阿狸控＠',0,'https://lmfile.tvlongmao.com/10000810.jpg',23,1,2,1510114997,1511405190,1),(10000811,'12310000811','妓术总奸',1,'https://lmfile.tvlongmao.com/10000811.jpg',24,1,2,1510114997,1511405190,1),(10000812,'12310000812','Ω黛眉°',0,'https://lmfile.tvlongmao.com/10000812.jpg',1,1,2,1510114997,1511405191,1),(10000813,'12310000813','烂命一条',1,'https://lmfile.tvlongmao.com/10000813.jpg',14,1,2,1510114997,1511405191,1),(10000814,'12310000814','回眸、',1,'https://lmfile.tvlongmao.com/10000814.jpg',1,1,2,1510114997,1511405191,1),(10000815,'12310000815','重生者',1,'https://lmfile.tvlongmao.com/10000815.jpg',8,1,2,1510114997,1511405191,1),(10000816,'12310000816','旧萤火',1,'https://lmfile.tvlongmao.com/10000816.jpg',10,1,2,1510114997,1511405192,1),(10000817,'12310000817','冷漠╮',1,'https://lmfile.tvlongmao.com/10000817.jpg',13,1,2,1510114998,1511405192,1),(10000818,'12310000818','凉人。',1,'https://lmfile.tvlongmao.com/10000818.jpg',16,1,2,1510114998,1511405192,1),(10000819,'12310000819','蒝點〆',1,'https://lmfile.tvlongmao.com/10000819.jpg',5,1,2,1510114998,1511405192,1),(10000820,'12310000820','傀儡℡',1,'https://lmfile.tvlongmao.com/10000820.jpg',7,1,2,1510114998,1511405193,1),(10000821,'12310000821','陌忆°',1,'https://lmfile.tvlongmao.com/10000821.jpg',15,1,2,1510114998,1511405193,1),(10000822,'12310000822','浅陌′',1,'https://lmfile.tvlongmao.com/10000822.jpg',0,1,2,1510114998,1511405193,1),(10000823,'12310000823','孤烟～',1,'https://lmfile.tvlongmao.com/10000823.jpg',3,1,2,1510114998,1511405193,1),(10000824,'12310000824','初识。',1,'https://lmfile.tvlongmao.com/10000824.jpg',8,1,2,1510114999,1511405193,1),(10000825,'12310000825','孤街.',1,'https://lmfile.tvlongmao.com/10000825.jpg',15,1,2,1510114999,1511405194,1),(10000826,'12310000826','゛余溫',0,'https://lmfile.tvlongmao.com/10000826.jpg',11,1,2,1510114999,1511405194,1),(10000827,'12310000827','伊人ゞ',1,'https://lmfile.tvlongmao.com/10000827.jpg',4,1,2,1510114999,1511405194,1),(10000828,'12310000828','颜初*',1,'https://lmfile.tvlongmao.com/10000828.jpg',14,1,2,1510114999,1511405194,1),(10000829,'12310000829','青葵.',1,'https://lmfile.tvlongmao.com/10000829.jpg',7,1,2,1510114999,1511405195,1),(10000830,'12310000830','栀夏°',1,'https://lmfile.tvlongmao.com/10000830.jpg',25,1,2,1510114999,1511405195,1),(10000831,'12310000831','過客ヽ',1,'https://lmfile.tvlongmao.com/10000831.jpg',1,1,2,1510115000,1511405195,1),(10000832,'12310000832','劇終〃',1,'https://lmfile.tvlongmao.com/10000832.jpg',12,1,2,1510115000,1511405195,1),(10000833,'12310000833','残爱、',1,'https://lmfile.tvlongmao.com/10000833.jpg',4,1,2,1510115000,1511405195,1),(10000834,'12310000834','泪妆ゝ',1,'https://lmfile.tvlongmao.com/10000834.jpg',10,1,2,1510115000,1511405196,1),(10000835,'12310000835','孤寡.',1,'https://lmfile.tvlongmao.com/10000835.jpg',12,1,2,1510115000,1511405196,1),(10000836,'12310000836','心咒あ',1,'https://lmfile.tvlongmao.com/10000836.jpg',5,1,2,1510115000,1511405196,1),(10000837,'12310000837','｀烂人',1,'https://lmfile.tvlongmao.com/10000837.jpg',15,1,2,1510115000,1511405196,1),(10000838,'12310000838','帅伙计',1,'https://lmfile.tvlongmao.com/10000838.jpg',11,1,2,1510115001,1511405197,1),(10000839,'12310000839','风逝水',1,'https://lmfile.tvlongmao.com/10000839.jpg',8,1,2,1510115001,1511405197,1),(10000840,'12310000840','北星缘',1,'https://lmfile.tvlongmao.com/10000840.jpg',7,1,2,1510115001,1511405197,1),(10000841,'12310000841','小骄傲',1,'https://lmfile.tvlongmao.com/10000841.jpg',12,1,2,1510115001,1511405197,1),(10000842,'12310000842','夜如影',0,'https://lmfile.tvlongmao.com/10000842.jpg',14,1,2,1510115001,1511405197,1),(10000843,'12310000843','卟殇丶',1,'https://lmfile.tvlongmao.com/10000843.jpg',7,1,2,1510115001,1511405198,1),(10000844,'12310000844','天之渺',1,'https://lmfile.tvlongmao.com/10000844.jpg',11,1,2,1510115001,1511405198,1),(10000845,'12310000845','话藏心',1,'https://lmfile.tvlongmao.com/10000845.jpg',10,1,2,1510115001,1511405198,1),(10000846,'12310000846','绕指柔',0,'https://lmfile.tvlongmao.com/10000846.jpg',13,1,2,1510115002,1511405198,1),(10000847,'12310000847','抱紧我',1,'https://lmfile.tvlongmao.com/10000847.jpg',7,1,2,1510115002,1511405199,1),(10000848,'12310000848','冷风影',1,'https://lmfile.tvlongmao.com/10000848.jpg',0,1,2,1510115002,1511405199,1),(10000849,'12310000849','顽石@',1,'https://lmfile.tvlongmao.com/10000849.jpg',14,1,2,1510115002,1511405199,1),(10000850,'12310000850','舞夜琊',1,'https://lmfile.tvlongmao.com/10000850.jpg',2,1,2,1510115002,1511405199,1),(10000851,'12310000851','凌楚萧',1,'https://lmfile.tvlongmao.com/10000851.jpg',18,1,2,1510115002,1511405200,1),(10000852,'12310000852','南风寒',1,'https://lmfile.tvlongmao.com/10000852.jpg',12,1,2,1510115002,1511405200,1),(10000853,'12310000853','南风彻',1,'https://lmfile.tvlongmao.com/10000853.jpg',13,1,2,1510115003,1511405200,1),(10000854,'12310000854','尹默伤',1,'https://lmfile.tvlongmao.com/10000854.jpg',5,1,2,1510115003,1511405200,1),(10000855,'12310000855','醉冷秋',1,'https://lmfile.tvlongmao.com/10000855.jpg',13,1,2,1510115003,1511405200,1),(10000856,'12310000856','雨停了',1,'https://lmfile.tvlongmao.com/10000856.jpg',1,1,2,1510115003,1511405201,1),(10000857,'12310000857','晴雨天',0,'https://lmfile.tvlongmao.com/10000857.jpg',13,1,2,1510115003,1511405201,1),(10000858,'12310000858','成熟羙',1,'https://lmfile.tvlongmao.com/10000858.jpg',14,1,2,1510115003,1511405201,1),(10000859,'12310000859','沉溺≈',1,'https://lmfile.tvlongmao.com/10000859.jpg',4,1,2,1510115003,1511405201,1),(10000860,'12310000860','狱中囚',1,'https://lmfile.tvlongmao.com/10000860.jpg',5,1,2,1510115004,1511405201,1),(10000861,'12310000861','矮油喂',1,'https://lmfile.tvlongmao.com/10000861.jpg',15,1,2,1510115004,1511405202,1),(10000862,'12310000862','胸出没',1,'https://lmfile.tvlongmao.com/10000862.jpg',7,1,2,1510115004,1511405202,1),(10000863,'12310000863','小禽兽',0,'https://lmfile.tvlongmao.com/10000863.jpg',7,1,2,1510115004,1511405202,1),(10000864,'12310000864','安初夏',1,'https://lmfile.tvlongmao.com/10000864.jpg',7,1,2,1510115004,1511405202,1),(10000865,'12310000865','旧人劫',0,'https://lmfile.tvlongmao.com/10000865.jpg',13,1,2,1510115004,1511405203,1),(10000866,'12310000866','别将就',1,'https://lmfile.tvlongmao.com/10000866.jpg',24,1,2,1510115004,1511405203,1),(10000867,'12310000867','爺疼伱',1,'https://lmfile.tvlongmao.com/10000867.jpg',10,1,2,1510115004,1511405203,1),(10000868,'12310000868','风无痕',1,'https://lmfile.tvlongmao.com/10000868.jpg',15,1,2,1510115005,1511405203,1),(10000869,'12310000869','遇见你',0,'https://lmfile.tvlongmao.com/10000869.jpg',23,1,2,1510115005,1511405204,1),(10000870,'12310000870','暖人心',1,'https://lmfile.tvlongmao.com/10000870.jpg',15,1,2,1510115005,1511405204,1),(10000871,'12310000871','晚笙凉',1,'https://lmfile.tvlongmao.com/10000871.jpg',11,1,2,1510115005,1511405204,1),(10000872,'12310000872','夏浅浅',1,'https://lmfile.tvlongmao.com/10000872.jpg',9,1,2,1510115005,1511405204,1),(10000873,'12310000873','壞籹孖',1,'https://lmfile.tvlongmao.com/10000873.jpg',15,1,2,1510115005,1511405204,1),(10000874,'12310000874','尘世尽',1,'https://lmfile.tvlongmao.com/10000874.jpg',9,1,2,1510115006,1511405205,1),(10000875,'12310000875','伴你老',1,'https://lmfile.tvlongmao.com/10000875.jpg',14,1,2,1510115006,1511405205,1),(10000876,'12310000876','讨人厌',0,'https://lmfile.tvlongmao.com/10000876.jpg',5,1,2,1510115006,1511405205,1),(10000877,'12310000877','夏小沫',1,'https://lmfile.tvlongmao.com/10000877.jpg',11,1,2,1510115006,1511405205,1),(10000878,'12310000878','浮生泪',1,'https://lmfile.tvlongmao.com/10000878.jpg',11,1,2,1510115006,1511405206,1),(10000879,'12310000879','尐怪兽',1,'https://lmfile.tvlongmao.com/10000879.jpg',12,1,2,1510115006,1511405206,1),(10000880,'12310000880','怼怹恏',1,'https://lmfile.tvlongmao.com/10000880.jpg',2,1,2,1510115006,1511405206,1),(10000881,'12310000881','旧情话',1,'https://lmfile.tvlongmao.com/10000881.jpg',7,1,2,1510115006,1511405206,1),(10000882,'12310000882','久旧酒',1,'https://lmfile.tvlongmao.com/10000882.jpg',10,1,2,1510115007,1511405207,1),(10000883,'12310000883','泪染裳',1,'https://lmfile.tvlongmao.com/10000883.jpg',6,1,2,1510115007,1511405207,1),(10000884,'12310000884','傻丢丢',1,'https://lmfile.tvlongmao.com/10000884.jpg',1,1,2,1510115007,1511405207,1),(10000885,'12310000885','笑忘初',1,'https://lmfile.tvlongmao.com/10000885.jpg',12,1,2,1510115007,1511405207,1),(10000886,'12310000886','陌上花',1,'https://lmfile.tvlongmao.com/10000886.jpg',6,1,2,1510115007,1511405207,1),(10000887,'12310000887','呆萌傻',1,'https://lmfile.tvlongmao.com/10000887.jpg',7,1,2,1510115007,1511405208,1),(10000888,'12310000888','安若晴',1,'https://lmfile.tvlongmao.com/10000888.jpg',1,1,2,1510115007,1511405208,1),(10000889,'12310000889','赱丅呿',1,'https://lmfile.tvlongmao.com/10000889.jpg',1,1,2,1510115008,1511405208,1),(10000890,'12310000890','傲娇范',1,'https://lmfile.tvlongmao.com/10000890.jpg',1,1,2,1510115008,1511405208,1),(10000891,'12310000891','萌二代',1,'https://lmfile.tvlongmao.com/10000891.jpg',2,1,2,1510115008,1511405209,1),(10000892,'12310000892','未命名',1,'https://lmfile.tvlongmao.com/10000892.jpg',8,1,2,1510115008,1511405209,1),(10000893,'12310000893','猫小柒',1,'https://lmfile.tvlongmao.com/10000893.jpg',9,1,2,1510115008,1511405209,1),(10000894,'12310000894','奥特蛋',0,'https://lmfile.tvlongmao.com/10000894.jpg',4,1,2,1510115008,1511405209,1),(10000895,'12310000895','互撸娃',1,'https://lmfile.tvlongmao.com/10000895.jpg',11,1,2,1510115008,1511405209,1),(10000896,'12310000896','怀中人',1,'https://lmfile.tvlongmao.com/10000896.jpg',11,1,2,1510115009,1511405210,1),(10000897,'12310000897','不二心',1,'https://lmfile.tvlongmao.com/10000897.jpg',1,1,2,1510115009,1511405210,1),(10000898,'12310000898','不将就',1,'https://lmfile.tvlongmao.com/10000898.jpg',3,1,2,1510115009,1511405210,1),(10000899,'12310000899','吃藕丑',0,'https://lmfile.tvlongmao.com/10000899.jpg',1,1,2,1510115009,1511405210,1),(10000900,'12310000900','情未了',1,'https://lmfile.tvlongmao.com/10000900.jpg',20,1,2,1510115009,1511405211,1),(10000901,'12310000901','喵小咪',1,'https://lmfile.tvlongmao.com/10000901.jpg',2,1,2,1510115009,1511405211,1),(10000902,'12310000902','风清扬',1,'https://lmfile.tvlongmao.com/10000902.jpg',17,1,2,1510115009,1511405211,1),(10000903,'12310000903','维他命',1,'https://lmfile.tvlongmao.com/10000903.jpg',4,1,2,1510115010,1511405211,1),(10000904,'12310000904','闷油瓶',1,'https://lmfile.tvlongmao.com/10000904.jpg',5,1,2,1510115010,1511405212,1),(10000905,'12310000905','故人叹',1,'https://lmfile.tvlongmao.com/10000905.jpg',15,1,2,1510115010,1511405212,1),(10000906,'12310000906','胭脂泪',1,'https://lmfile.tvlongmao.com/10000906.jpg',8,1,2,1510115010,1511405212,1),(10000907,'12310000907','孤僻症',0,'https://lmfile.tvlongmao.com/10000907.jpg',25,1,2,1510115010,1511405212,1),(10000908,'12310000908','尐偏執',1,'https://lmfile.tvlongmao.com/10000908.jpg',23,1,2,1510115010,1511405212,1),(10000909,'12310000909','轻声叹',1,'https://lmfile.tvlongmao.com/10000909.jpg',7,1,2,1510115010,1511405213,1),(10000910,'12310000910','炸学校',1,'https://lmfile.tvlongmao.com/10000910.jpg',15,1,2,1510115011,1511405213,1),(10000911,'12310000911','孤心冷',1,'https://lmfile.tvlongmao.com/10000911.jpg',4,1,2,1510115011,1511405213,1),(10000912,'12310000912','初相识',1,'https://lmfile.tvlongmao.com/10000912.jpg',4,1,2,1510115011,1511405213,1),(10000913,'12310000913','陌路人',1,'https://lmfile.tvlongmao.com/10000913.jpg',5,1,2,1510115011,1511405214,1),(10000914,'12310000914','痴于你',1,'https://lmfile.tvlongmao.com/10000914.jpg',14,1,2,1510115011,1511405214,1),(10000915,'12310000915','墨雨汐',1,'https://lmfile.tvlongmao.com/10000915.jpg',3,1,2,1510115011,1511405214,1),(10000916,'12310000916','誹蕒榀',1,'https://lmfile.tvlongmao.com/10000916.jpg',1,1,2,1510115011,1511405214,1),(10000917,'12310000917','薄荷凉',0,'https://lmfile.tvlongmao.com/10000917.jpg',17,1,2,1510115012,1511405215,1),(10000918,'12310000918','沐小希',1,'https://lmfile.tvlongmao.com/10000918.jpg',7,1,2,1510115012,1511405215,1),(10000919,'12310000919','凉心人',1,'https://lmfile.tvlongmao.com/10000919.jpg',14,1,2,1510115012,1511405215,1),(10000920,'12310000920','℡柒月',1,'https://lmfile.tvlongmao.com/10000920.jpg',21,1,2,1510115012,1511405215,1),(10000921,'12310000921','尐熊ル',1,'https://lmfile.tvlongmao.com/10000921.jpg',2,1,2,1510115012,1511405215,1),(10000922,'12310000922','酔情缘',0,'https://lmfile.tvlongmao.com/10000922.jpg',10,1,2,1510115012,1511405216,1),(10000923,'12310000923','花紫雨',0,'https://lmfile.tvlongmao.com/10000923.jpg',7,1,2,1510115012,1511405216,1),(10000924,'12310000924','心痕。',1,'https://lmfile.tvlongmao.com/10000924.jpg',15,1,2,1510115013,1511405216,1),(10000925,'12310000925','袅淼墨',1,'https://lmfile.tvlongmao.com/10000925.jpg',8,1,2,1510115013,1511405216,1),(10000926,'12310000926','冷清秋',1,'https://lmfile.tvlongmao.com/10000926.jpg',20,1,2,1510115013,1511405217,1),(10000927,'12310000927','舍‖得',0,'https://lmfile.tvlongmao.com/10000927.jpg',3,1,2,1510115013,1511405217,1),(10000928,'12310000928','藍顏°',1,'https://lmfile.tvlongmao.com/10000928.jpg',12,1,2,1510115013,1511405217,1),(10000929,'12310000929','幽草香',1,'https://lmfile.tvlongmao.com/10000929.jpg',6,1,2,1510115013,1511405217,1),(10000930,'12310000930','冇貓膩',1,'https://lmfile.tvlongmao.com/10000930.jpg',8,1,2,1510115013,1511405217,1),(10000931,'12310000931','穿山已',1,'https://lmfile.tvlongmao.com/10000931.jpg',3,1,2,1510115014,1511405218,1),(10000932,'12310000932','墨尐颜',1,'https://lmfile.tvlongmao.com/10000932.jpg',12,1,2,1510115014,1511405218,1),(10000933,'12310000933','尛甜芯',1,'https://lmfile.tvlongmao.com/10000933.jpg',14,1,2,1510115014,1511405218,1),(10000934,'12310000934','番小茄',1,'https://lmfile.tvlongmao.com/10000934.jpg',10,1,2,1510115014,1511405218,1),(10000935,'12310000935','哦耶~',1,'https://lmfile.tvlongmao.com/10000935.jpg',9,1,2,1510115014,1511405218,1),(10000936,'12310000936','柒夏﹌',1,'https://lmfile.tvlongmao.com/10000936.jpg',15,1,2,1510115014,1511405219,1),(10000937,'12310000937','凉梦。',1,'https://lmfile.tvlongmao.com/10000937.jpg',20,1,2,1510115014,1511405219,1),(10000938,'12310000938','罒3罒',1,'https://lmfile.tvlongmao.com/10000938.jpg',15,1,2,1510115015,1511405219,1),(10000939,'12310000939','心奴@',1,'https://lmfile.tvlongmao.com/10000939.jpg',13,1,2,1510115015,1511405219,1),(10000940,'12310000940','幻城°',1,'https://lmfile.tvlongmao.com/10000940.jpg',22,1,2,1510115015,1511405220,1),(10000941,'12310000941','情獸、',1,'https://lmfile.tvlongmao.com/10000941.jpg',5,1,2,1510115015,1511405220,1),(10000942,'12310000942','枯叶蝶',1,'https://lmfile.tvlongmao.com/10000942.jpg',4,1,2,1510115015,1511405220,1),(10000943,'12310000943','囍槑',1,'https://lmfile.tvlongmao.com/10000943.jpg',19,1,2,1510115015,1511405220,1),(10000944,'12310000944','青柠',1,'https://lmfile.tvlongmao.com/10000944.jpg',15,1,2,1510115015,1511405221,1),(10000945,'12310000945','孤客',1,'https://lmfile.tvlongmao.com/10000945.jpg',14,1,2,1510115015,1511405221,1),(10000946,'12310000946','孤魂',1,'https://lmfile.tvlongmao.com/10000946.jpg',3,1,2,1510115016,1511405221,1),(10000947,'12310000947','荒年',1,'https://lmfile.tvlongmao.com/10000947.jpg',10,1,2,1510115016,1511405221,1);
INSERT INTO `robot_reg_info` (`robot_user_id`,`robot_login_id`,`robot_name`,`robot_sex`,`robot_photo`,`robot_grade`,`is_usable`,`is_use`,`ctime`,`utime`,`is_delete`) VALUES (10000948,'12310000948','吢丕',1,'https://lmfile.tvlongmao.com/10000948.jpg',7,1,2,1510115016,1511405221,1),(10000949,'12310000949','默言',1,'https://lmfile.tvlongmao.com/10000949.jpg',12,1,2,1510115016,1511405222,1),(10000950,'12310000950','断忆',1,'https://lmfile.tvlongmao.com/10000950.jpg',10,1,2,1510115016,1511405222,1),(10000951,'12310000951','蔠嚸',1,'https://lmfile.tvlongmao.com/10000951.jpg',16,1,2,1510115016,1511405222,1),(10000952,'12310000952','旧颜',1,'https://lmfile.tvlongmao.com/10000952.jpg',23,1,2,1510115016,1511405222,1),(10000953,'12310000953','配角',1,'https://lmfile.tvlongmao.com/10000953.jpg',17,1,2,1510115017,1511405223,1),(10000954,'12310000954','余悸',1,'https://lmfile.tvlongmao.com/10000954.jpg',10,1,2,1510115017,1511405223,1),(10000955,'12310000955','嫑忈',1,'https://lmfile.tvlongmao.com/10000955.jpg',10,1,2,1510115017,1511405223,1),(10000956,'12310000956','心葬',1,'https://lmfile.tvlongmao.com/10000956.jpg',18,1,2,1510115017,1511405223,1),(10000957,'12310000957','蕗過',1,'https://lmfile.tvlongmao.com/10000957.jpg',7,1,2,1510115017,1511405224,1),(10000958,'12310000958','殇芯',1,'https://lmfile.tvlongmao.com/10000958.jpg',13,1,2,1510115017,1511405224,1),(10000959,'12310000959','念初',1,'https://lmfile.tvlongmao.com/10000959.jpg',13,1,2,1510115017,1511405224,1),(10000960,'12310000960','葬心',1,'https://lmfile.tvlongmao.com/10000960.jpg',14,1,2,1510115018,1511405224,1),(10000961,'12310000961','忆殇',1,'https://lmfile.tvlongmao.com/10000961.jpg',15,1,2,1510115018,1511405224,1),(10000962,'12310000962','囍欢',1,'https://lmfile.tvlongmao.com/10000962.jpg',7,1,2,1510115018,1511405225,1),(10000963,'12310000963','禁区',0,'https://lmfile.tvlongmao.com/10000963.jpg',23,1,2,1510115018,1511405225,1),(10000964,'12310000964','孤枕',1,'https://lmfile.tvlongmao.com/10000964.jpg',14,1,2,1510115018,1511405225,1),(10000965,'12310000965','残酒',0,'https://lmfile.tvlongmao.com/10000965.jpg',0,1,2,1510115018,1511405225,1),(10000966,'12310000966','幻影',1,'https://lmfile.tvlongmao.com/10000966.jpg',2,1,2,1510115018,1511405226,1),(10000967,'12310000967','卑恋',0,'https://lmfile.tvlongmao.com/10000967.jpg',4,1,2,1510115019,1511405226,1),(10000968,'12310000968','倦ㄋ',1,'https://lmfile.tvlongmao.com/10000968.jpg',15,1,2,1510115019,1511405226,1),(10000969,'12310000969','怣人',0,'https://lmfile.tvlongmao.com/10000969.jpg',11,1,2,1510115019,1511405226,1),(10000970,'12310000970','浅忆',0,'https://lmfile.tvlongmao.com/10000970.jpg',12,1,2,1510115019,1511405226,1),(10000971,'12310000971','宿命',1,'https://lmfile.tvlongmao.com/10000971.jpg',1,1,2,1510115019,1511405227,1),(10000972,'12310000972','孤痞',1,'https://lmfile.tvlongmao.com/10000972.jpg',9,1,2,1510115019,1511405227,1),(10000973,'12310000973','忆梦',0,'https://lmfile.tvlongmao.com/10000973.jpg',21,1,2,1510115019,1511405227,1),(10000974,'12310000974','羁绊',1,'https://lmfile.tvlongmao.com/10000974.jpg',1,1,2,1510115020,1511405227,1),(10000975,'12310000975','情殇',1,'https://lmfile.tvlongmao.com/10000975.jpg',5,1,2,1510115020,1511405228,1),(10000976,'12310000976','孤冢',1,'https://lmfile.tvlongmao.com/10000976.jpg',10,1,2,1510115020,1511405228,1),(10000977,'12310000977','讉莣',1,'https://lmfile.tvlongmao.com/10000977.jpg',4,1,2,1510115020,1511405228,1),(10000978,'12310000978','虐心',0,'https://lmfile.tvlongmao.com/10000978.jpg',24,1,2,1510115020,1511405228,1),(10000979,'12310000979','情癌',1,'https://lmfile.tvlongmao.com/10000979.jpg',5,1,2,1510115020,1511405229,1),(10000980,'12310000980','若风',1,'https://lmfile.tvlongmao.com/10000980.jpg',4,1,2,1510115020,1511405229,1),(10000981,'12310000981','安年',0,'https://lmfile.tvlongmao.com/10000981.jpg',5,1,2,1510115021,1511405229,1),(10000982,'12310000982','花环',1,'https://lmfile.tvlongmao.com/10000982.jpg',14,1,2,1510115021,1511405229,1),(10000983,'12310000983','念他',1,'https://lmfile.tvlongmao.com/10000983.jpg',4,1,2,1510115021,1511405230,1),(10000984,'12310000984','花报',1,'https://lmfile.tvlongmao.com/10000984.jpg',6,1,2,1510115021,1511405230,1),(10000985,'12310000985','傲寒',0,'https://lmfile.tvlongmao.com/10000985.jpg',8,1,2,1510115021,1511405230,1),(10000986,'12310000986','安诺',1,'https://lmfile.tvlongmao.com/10000986.jpg',9,1,2,1510115021,1511405230,1),(10000987,'12310000987','流觞',1,'https://lmfile.tvlongmao.com/10000987.jpg',1,1,2,1510115021,1511405230,1),(10000988,'12310000988','秋漓',1,'https://lmfile.tvlongmao.com/10000988.jpg',3,1,2,1510115022,1511405231,1),(10000989,'12310000989','遗风',1,'https://lmfile.tvlongmao.com/10000989.jpg',12,1,2,1510115022,1511405231,1),(10000990,'12310000990','冰纨',1,'https://lmfile.tvlongmao.com/10000990.jpg',12,1,2,1510115022,1511405231,1),(10000991,'12310000991','玉婳',1,'https://lmfile.tvlongmao.com/10000991.jpg',21,1,2,1510115022,1511405231,1),(10000992,'12310000992','孤月',1,'https://lmfile.tvlongmao.com/10000992.jpg',7,1,2,1510115022,1511405232,1),(10000993,'12310000993','幽梦',1,'https://lmfile.tvlongmao.com/10000993.jpg',11,1,2,1510115022,1511405232,1),(10000994,'12310000994','寒风',1,'https://lmfile.tvlongmao.com/10000994.jpg',8,1,2,1510115022,1511405232,1),(10000995,'12310000995','清漪',1,'https://lmfile.tvlongmao.com/10000995.jpg',10,1,2,1510115023,1511405232,1),(10000996,'12310000996','心茶',1,'https://lmfile.tvlongmao.com/10000996.jpg',1,1,2,1510115023,1511405233,1),(10000997,'12310000997','绯色',1,'https://lmfile.tvlongmao.com/10000997.jpg',13,1,2,1510115023,1511405233,1),(10000998,'12310000998','亦旋',1,'https://lmfile.tvlongmao.com/10000998.jpg',21,1,2,1510115023,1511405233,1),(10000999,'12310000999','沐雪',1,'https://lmfile.tvlongmao.com/10000999.jpg',15,1,2,1510115023,1511405233,1),(10001000,'12310001000','雨嫣',1,'https://lmfile.tvlongmao.com/10001000.jpg',2,1,2,1510115023,1511405233,1),(10001001,'12310001001','雪舞',1,'https://lmfile.tvlongmao.com/10001001.jpg',24,1,2,1510115023,1511405234,1),(10001002,'12310001002','落蝶',1,'https://lmfile.tvlongmao.com/10001002.jpg',15,1,2,1510115024,1511407145,1),(10001003,'12310001003','凉梦',1,'https://lmfile.tvlongmao.com/10001003.jpg',7,1,2,1510115024,1511405234,1),(10001004,'12310001004','次奥',0,'https://lmfile.tvlongmao.com/10001004.jpg',14,1,2,1510115024,1511405234,1),(10001005,'12310001005','喵~',1,'https://lmfile.tvlongmao.com/10001005.jpg',6,1,2,1510115024,1511405235,1),(10001006,'12310001006','喵ル',1,'https://lmfile.tvlongmao.com/10001006.jpg',11,1,2,1510115024,1511405235,1),(10001007,'12310001007','老公想抱你',1,'https://lmfile.tvlongmao.com/10001007.jpg',11,1,2,1510115024,1511405235,1),(10001008,'12310001008','主播亲亲我',1,'https://lmfile.tvlongmao.com/10001008.jpg',25,1,2,1510115024,1511405235,1),(10001009,'12310001009','哥哥来爱爱',1,'https://lmfile.tvlongmao.com/10001009.jpg',11,1,2,1510115025,1511426284,1);

/** 20171201 `act_assignment` 任务配置同步数据 **/
INSERT INTO `totorosports`.`act_assignment` (`id`, `assignment_id`, `assignment_head_url`, `assignment_type`, `assignment_level`, `assignment_name`, `assignment_reward`, `execute_times`, `is_enable`, `is_activity`, `sorts`, `remark`, `ctime`, `utime`, `is_delete`) VALUES ('1', '1', 'https://qnimg.tvlongmao.com/e192269c80574598b4139545353a0dfa.png', '1', '1', '连续签到任务', '10', '1', '1', '2', '1', '10龙猫豆', '1509598346', '1511935504', '1');
INSERT INTO `totorosports`.`act_assignment` (`id`, `assignment_id`, `assignment_head_url`, `assignment_type`, `assignment_level`, `assignment_name`, `assignment_reward`, `execute_times`, `is_enable`, `is_activity`, `sorts`, `remark`, `ctime`, `utime`, `is_delete`) VALUES ('2', '1', 'https://qnimg.tvlongmao.com/cf5db4bdeb8e4e0aa8493646910861b9.png', '1', '2', '连续签到任务', '20', '1', '1', '2', '1', '20龙猫豆', '1509598346', '1509598346', '1');
INSERT INTO `totorosports`.`act_assignment` (`id`, `assignment_id`, `assignment_head_url`, `assignment_type`, `assignment_level`, `assignment_name`, `assignment_reward`, `execute_times`, `is_enable`, `is_activity`, `sorts`, `remark`, `ctime`, `utime`, `is_delete`) VALUES ('3', '1', 'https://qnimg.tvlongmao.com/a9b3ebea7d0e46c9a05e4da71b1091af.png', '1', '3', '连续签到任务', '30', '1', '1', '2', '1', '30龙猫豆', '1509598346', '1509598346', '1');
INSERT INTO `totorosports`.`act_assignment` (`id`, `assignment_id`, `assignment_head_url`, `assignment_type`, `assignment_level`, `assignment_name`, `assignment_reward`, `execute_times`, `is_enable`, `is_activity`, `sorts`, `remark`, `ctime`, `utime`, `is_delete`) VALUES ('4', '1', 'https://qnimg.tvlongmao.com/749c5c65d6444cf2970717b0f18cfd3a.png', '1', '4', '连续签到任务', '40', '1', '1', '2', '1', '40龙猫豆', '1509598346', '1509598346', '1');
INSERT INTO `totorosports`.`act_assignment` (`id`, `assignment_id`, `assignment_head_url`, `assignment_type`, `assignment_level`, `assignment_name`, `assignment_reward`, `execute_times`, `is_enable`, `is_activity`, `sorts`, `remark`, `ctime`, `utime`, `is_delete`) VALUES ('5', '1', 'https://qnimg.tvlongmao.com/aca3eeaa7b4648ba8540eb1dab646f66.png', '1', '5', '连续签到任务', '50', '1', '1', '2', '1', '50龙猫豆', '1509598346', '1509598346', '1');
INSERT INTO `totorosports`.`act_assignment` (`id`, `assignment_id`, `assignment_head_url`, `assignment_type`, `assignment_level`, `assignment_name`, `assignment_reward`, `execute_times`, `is_enable`, `is_activity`, `sorts`, `remark`, `ctime`, `utime`, `is_delete`) VALUES ('6', '1', 'https://qnimg.tvlongmao.com/8c17c7515dd5467d89c19f59c431457c.png', '1', '6', '连续签到任务', '60', '1', '1', '2', '1', '60龙猫豆', '1509598346', '1509598346', '1');
INSERT INTO `totorosports`.`act_assignment` (`id`, `assignment_id`, `assignment_head_url`, `assignment_type`, `assignment_level`, `assignment_name`, `assignment_reward`, `execute_times`, `is_enable`, `is_activity`, `sorts`, `remark`, `ctime`, `utime`, `is_delete`) VALUES ('7', '1', 'https://qnimg.tvlongmao.com/51ff58950dd645058f398728706f071f.png', '1', '7', '连续签到任务', '100', '1', '1', '2', '1', '100龙猫豆', '1509598346', '1509598346', '1');
INSERT INTO `totorosports`.`act_assignment` (`id`, `assignment_id`, `assignment_head_url`, `assignment_type`, `assignment_level`, `assignment_name`, `assignment_reward`, `execute_times`, `is_enable`, `is_activity`, `sorts`, `remark`, `ctime`, `utime`, `is_delete`) VALUES ('8', '2', 'https://qnimg.tvlongmao.com/81d1957295cb47afbf3a07608e56c650.png', '3', '1', '观看直播', '20', '5', '1', '2', '8', '每天观看5分钟，获得20豆', '1509598862', '1509598862', '1');
INSERT INTO `totorosports`.`act_assignment` (`id`, `assignment_id`, `assignment_head_url`, `assignment_type`, `assignment_level`, `assignment_name`, `assignment_reward`, `execute_times`, `is_enable`, `is_activity`, `sorts`, `remark`, `ctime`, `utime`, `is_delete`) VALUES ('9', '2', 'https://qnimg.tvlongmao.com/81d1957295cb47afbf3a07608e56c650.png', '3', '2', '观看直播', '50', '10', '1', '2', '8', '每天观看10分钟，获得50豆', '1509598863', '1509598863', '1');
INSERT INTO `totorosports`.`act_assignment` (`id`, `assignment_id`, `assignment_head_url`, `assignment_type`, `assignment_level`, `assignment_name`, `assignment_reward`, `execute_times`, `is_enable`, `is_activity`, `sorts`, `remark`, `ctime`, `utime`, `is_delete`) VALUES ('10', '2', 'https://qnimg.tvlongmao.com/81d1957295cb47afbf3a07608e56c650.png', '3', '3', '观看直播', '100', '30', '1', '2', '8', '每天观看30分钟，获得100豆', '1509598863', '1509598863', '1');
INSERT INTO `totorosports`.`act_assignment` (`id`, `assignment_id`, `assignment_head_url`, `assignment_type`, `assignment_level`, `assignment_name`, `assignment_reward`, `execute_times`, `is_enable`, `is_activity`, `sorts`, `remark`, `ctime`, `utime`, `is_delete`) VALUES ('11', '3', 'https://qnimg.tvlongmao.com/5004249a1f2b4693ad4448f921e7bee7.png', '3', '1', '弹幕发言', '20', '3', '1', '2', '9', '每天发弹幕3次，获得20豆', '1509598862', '1509598862', '1');
INSERT INTO `totorosports`.`act_assignment` (`id`, `assignment_id`, `assignment_head_url`, `assignment_type`, `assignment_level`, `assignment_name`, `assignment_reward`, `execute_times`, `is_enable`, `is_activity`, `sorts`, `remark`, `ctime`, `utime`, `is_delete`) VALUES ('12', '4', 'https://qnimg.tvlongmao.com/6cd5cad376d742e79c6a1b4d535a8ff9.png', '3', '1', '分享直播', '20', '3', '1', '2', '10', '每天分享3次，获得20豆', '1509598862', '1509598862', '1');
INSERT INTO `totorosports`.`act_assignment` (`id`, `assignment_id`, `assignment_head_url`, `assignment_type`, `assignment_level`, `assignment_name`, `assignment_reward`, `execute_times`, `is_enable`, `is_activity`, `sorts`, `remark`, `ctime`, `utime`, `is_delete`) VALUES ('13', '5', 'https://qnimg.tvlongmao.com/c53e214821bf41f8a63cb8007344809d.png', '3', '1', '参与竞猜', '20', '3', '1', '2', '11', '每天玩竞猜3次，获得20豆', '1509598862', '1509598862', '1');
INSERT INTO `totorosports`.`act_assignment` (`id`, `assignment_id`, `assignment_head_url`, `assignment_type`, `assignment_level`, `assignment_name`, `assignment_reward`, `execute_times`, `is_enable`, `is_activity`, `sorts`, `remark`, `ctime`, `utime`, `is_delete`) VALUES ('14', '6', 'https://qnimg.tvlongmao.com/5e4290271af442f4bec8636ad878c39c.png', '3', '1', '打赏礼物', '20', '1', '1', '2', '12', '每天送礼1次，获得20豆', '1509598863', '1509598863', '1');
INSERT INTO `totorosports`.`act_assignment` (`id`, `assignment_id`, `assignment_head_url`, `assignment_type`, `assignment_level`, `assignment_name`, `assignment_reward`, `execute_times`, `is_enable`, `is_activity`, `sorts`, `remark`, `ctime`, `utime`, `is_delete`) VALUES ('15', '7', 'https://qnimg.tvlongmao.com/d1ea3d9d135a4bebb94b5beda8281ab8.png', '3', '1', '首次充值', '20', '1', '1', '2', '13', '每天首次充值，获得20豆', '1509598863', '1509598863', '1');
INSERT INTO `totorosports`.`act_assignment` (`id`, `assignment_id`, `assignment_head_url`, `assignment_type`, `assignment_level`, `assignment_name`, `assignment_reward`, `execute_times`, `is_enable`, `is_activity`, `sorts`, `remark`, `ctime`, `utime`, `is_delete`) VALUES ('16', '8', 'https://qnimg.tvlongmao.com/1200b8b182884411acf21b351f2ba353.png', '3', '1', '累计竞猜', '100', '10000', '1', '1', '14', '每天累计押注1w豆，获得100豆', '1509598863', '1509598863', '1');
INSERT INTO `totorosports`.`act_assignment` (`id`, `assignment_id`, `assignment_head_url`, `assignment_type`, `assignment_level`, `assignment_name`, `assignment_reward`, `execute_times`, `is_enable`, `is_activity`, `sorts`, `remark`, `ctime`, `utime`, `is_delete`) VALUES ('17', '8', 'https://qnimg.tvlongmao.com/1200b8b182884411acf21b351f2ba353.png', '3', '2', '累计竞猜', '200', '50000', '1', '1', '14', '每天累计押注5w豆，获得200豆', '1509598863', '1509598863', '1');
INSERT INTO `totorosports`.`act_assignment` (`id`, `assignment_id`, `assignment_head_url`, `assignment_type`, `assignment_level`, `assignment_name`, `assignment_reward`, `execute_times`, `is_enable`, `is_activity`, `sorts`, `remark`, `ctime`, `utime`, `is_delete`) VALUES ('18', '8', 'https://qnimg.tvlongmao.com/1200b8b182884411acf21b351f2ba353.png', '3', '3', '累计竞猜', '300', '100000', '1', '1', '14', '每天累计押注10w豆，获得300豆', '1509598863', '1509598863', '1');

/** 20171201 `act_assignment_atemp` 任务配置临时表数据 **/
INSERT INTO `totorosports`.`act_assignment_atemp` (`id`, `assignment_id`, `assignment_head_url`, `assignment_type`, `assignment_level`, `assignment_name`, `assignment_reward`, `execute_times`, `is_enable`, `is_activity`, `sorts`, `remark`, `ctime`, `utime`, `is_delete`) VALUES ('1', '1', 'https://qnimg.tvlongmao.com/e192269c80574598b4139545353a0dfa.png', '1', '1', '连续签到任务', '10', '1', '1', '2', '1', '10龙猫豆', '1509598346', '1511935504', '1');
INSERT INTO `totorosports`.`act_assignment_atemp` (`id`, `assignment_id`, `assignment_head_url`, `assignment_type`, `assignment_level`, `assignment_name`, `assignment_reward`, `execute_times`, `is_enable`, `is_activity`, `sorts`, `remark`, `ctime`, `utime`, `is_delete`) VALUES ('2', '1', 'https://qnimg.tvlongmao.com/cf5db4bdeb8e4e0aa8493646910861b9.png', '1', '2', '连续签到任务', '20', '1', '1', '2', '1', '20龙猫豆', '1509598346', '1509598346', '1');
INSERT INTO `totorosports`.`act_assignment_atemp` (`id`, `assignment_id`, `assignment_head_url`, `assignment_type`, `assignment_level`, `assignment_name`, `assignment_reward`, `execute_times`, `is_enable`, `is_activity`, `sorts`, `remark`, `ctime`, `utime`, `is_delete`) VALUES ('3', '1', 'https://qnimg.tvlongmao.com/a9b3ebea7d0e46c9a05e4da71b1091af.png', '1', '3', '连续签到任务', '30', '1', '1', '2', '1', '30龙猫豆', '1509598346', '1509598346', '1');
INSERT INTO `totorosports`.`act_assignment_atemp` (`id`, `assignment_id`, `assignment_head_url`, `assignment_type`, `assignment_level`, `assignment_name`, `assignment_reward`, `execute_times`, `is_enable`, `is_activity`, `sorts`, `remark`, `ctime`, `utime`, `is_delete`) VALUES ('4', '1', 'https://qnimg.tvlongmao.com/749c5c65d6444cf2970717b0f18cfd3a.png', '1', '4', '连续签到任务', '40', '1', '1', '2', '1', '40龙猫豆', '1509598346', '1509598346', '1');
INSERT INTO `totorosports`.`act_assignment_atemp` (`id`, `assignment_id`, `assignment_head_url`, `assignment_type`, `assignment_level`, `assignment_name`, `assignment_reward`, `execute_times`, `is_enable`, `is_activity`, `sorts`, `remark`, `ctime`, `utime`, `is_delete`) VALUES ('5', '1', 'https://qnimg.tvlongmao.com/aca3eeaa7b4648ba8540eb1dab646f66.png', '1', '5', '连续签到任务', '50', '1', '1', '2', '1', '50龙猫豆', '1509598346', '1509598346', '1');
INSERT INTO `totorosports`.`act_assignment_atemp` (`id`, `assignment_id`, `assignment_head_url`, `assignment_type`, `assignment_level`, `assignment_name`, `assignment_reward`, `execute_times`, `is_enable`, `is_activity`, `sorts`, `remark`, `ctime`, `utime`, `is_delete`) VALUES ('6', '1', 'https://qnimg.tvlongmao.com/8c17c7515dd5467d89c19f59c431457c.png', '1', '6', '连续签到任务', '60', '1', '1', '2', '1', '60龙猫豆', '1509598346', '1509598346', '1');
INSERT INTO `totorosports`.`act_assignment_atemp` (`id`, `assignment_id`, `assignment_head_url`, `assignment_type`, `assignment_level`, `assignment_name`, `assignment_reward`, `execute_times`, `is_enable`, `is_activity`, `sorts`, `remark`, `ctime`, `utime`, `is_delete`) VALUES ('7', '1', 'https://qnimg.tvlongmao.com/51ff58950dd645058f398728706f071f.png', '1', '7', '连续签到任务', '100', '1', '1', '2', '1', '100龙猫豆', '1509598346', '1509598346', '1');
INSERT INTO `totorosports`.`act_assignment_atemp` (`id`, `assignment_id`, `assignment_head_url`, `assignment_type`, `assignment_level`, `assignment_name`, `assignment_reward`, `execute_times`, `is_enable`, `is_activity`, `sorts`, `remark`, `ctime`, `utime`, `is_delete`) VALUES ('8', '2', 'https://qnimg.tvlongmao.com/81d1957295cb47afbf3a07608e56c650.png', '3', '1', '观看直播', '20', '5', '1', '2', '8', '每天观看5分钟，获得20豆', '1509598862', '1509598862', '1');
INSERT INTO `totorosports`.`act_assignment_atemp` (`id`, `assignment_id`, `assignment_head_url`, `assignment_type`, `assignment_level`, `assignment_name`, `assignment_reward`, `execute_times`, `is_enable`, `is_activity`, `sorts`, `remark`, `ctime`, `utime`, `is_delete`) VALUES ('9', '2', 'https://qnimg.tvlongmao.com/81d1957295cb47afbf3a07608e56c650.png', '3', '2', '观看直播', '50', '10', '1', '2', '8', '每天观看10分钟，获得50豆', '1509598863', '1509598863', '1');
INSERT INTO `totorosports`.`act_assignment_atemp` (`id`, `assignment_id`, `assignment_head_url`, `assignment_type`, `assignment_level`, `assignment_name`, `assignment_reward`, `execute_times`, `is_enable`, `is_activity`, `sorts`, `remark`, `ctime`, `utime`, `is_delete`) VALUES ('10', '2', 'https://qnimg.tvlongmao.com/81d1957295cb47afbf3a07608e56c650.png', '3', '3', '观看直播', '100', '30', '1', '2', '8', '每天观看30分钟，获得100豆', '1509598863', '1509598863', '1');
INSERT INTO `totorosports`.`act_assignment_atemp` (`id`, `assignment_id`, `assignment_head_url`, `assignment_type`, `assignment_level`, `assignment_name`, `assignment_reward`, `execute_times`, `is_enable`, `is_activity`, `sorts`, `remark`, `ctime`, `utime`, `is_delete`) VALUES ('11', '3', 'https://qnimg.tvlongmao.com/5004249a1f2b4693ad4448f921e7bee7.png', '3', '1', '弹幕发言', '20', '3', '1', '2', '9', '每天发弹幕3次，获得20豆', '1509598862', '1509598862', '1');
INSERT INTO `totorosports`.`act_assignment_atemp` (`id`, `assignment_id`, `assignment_head_url`, `assignment_type`, `assignment_level`, `assignment_name`, `assignment_reward`, `execute_times`, `is_enable`, `is_activity`, `sorts`, `remark`, `ctime`, `utime`, `is_delete`) VALUES ('12', '4', 'https://qnimg.tvlongmao.com/6cd5cad376d742e79c6a1b4d535a8ff9.png', '3', '1', '分享直播', '20', '3', '1', '2', '10', '每天分享3次，获得20豆', '1509598862', '1509598862', '1');
INSERT INTO `totorosports`.`act_assignment_atemp` (`id`, `assignment_id`, `assignment_head_url`, `assignment_type`, `assignment_level`, `assignment_name`, `assignment_reward`, `execute_times`, `is_enable`, `is_activity`, `sorts`, `remark`, `ctime`, `utime`, `is_delete`) VALUES ('13', '5', 'https://qnimg.tvlongmao.com/c53e214821bf41f8a63cb8007344809d.png', '3', '1', '参与竞猜', '20', '3', '1', '2', '11', '每天玩竞猜3次，获得20豆', '1509598862', '1509598862', '1');
INSERT INTO `totorosports`.`act_assignment_atemp` (`id`, `assignment_id`, `assignment_head_url`, `assignment_type`, `assignment_level`, `assignment_name`, `assignment_reward`, `execute_times`, `is_enable`, `is_activity`, `sorts`, `remark`, `ctime`, `utime`, `is_delete`) VALUES ('14', '6', 'https://qnimg.tvlongmao.com/5e4290271af442f4bec8636ad878c39c.png', '3', '1', '打赏礼物', '20', '1', '1', '2', '12', '每天送礼1次，获得20豆', '1509598863', '1509598863', '1');
INSERT INTO `totorosports`.`act_assignment_atemp` (`id`, `assignment_id`, `assignment_head_url`, `assignment_type`, `assignment_level`, `assignment_name`, `assignment_reward`, `execute_times`, `is_enable`, `is_activity`, `sorts`, `remark`, `ctime`, `utime`, `is_delete`) VALUES ('15', '7', 'https://qnimg.tvlongmao.com/d1ea3d9d135a4bebb94b5beda8281ab8.png', '3', '1', '首次充值', '20', '1', '1', '2', '13', '每天首次充值，获得20豆', '1509598863', '1509598863', '1');
INSERT INTO `totorosports`.`act_assignment_atemp` (`id`, `assignment_id`, `assignment_head_url`, `assignment_type`, `assignment_level`, `assignment_name`, `assignment_reward`, `execute_times`, `is_enable`, `is_activity`, `sorts`, `remark`, `ctime`, `utime`, `is_delete`) VALUES ('16', '8', 'https://qnimg.tvlongmao.com/1200b8b182884411acf21b351f2ba353.png', '3', '1', '累计竞猜', '100', '10000', '1', '1', '14', '每天累计押注1w豆，获得100豆', '1509598863', '1509598863', '1');
INSERT INTO `totorosports`.`act_assignment_atemp` (`id`, `assignment_id`, `assignment_head_url`, `assignment_type`, `assignment_level`, `assignment_name`, `assignment_reward`, `execute_times`, `is_enable`, `is_activity`, `sorts`, `remark`, `ctime`, `utime`, `is_delete`) VALUES ('17', '8', 'https://qnimg.tvlongmao.com/1200b8b182884411acf21b351f2ba353.png', '3', '2', '累计竞猜', '200', '50000', '1', '1', '14', '每天累计押注5w豆，获得200豆', '1509598863', '1509598863', '1');
INSERT INTO `totorosports`.`act_assignment_atemp` (`id`, `assignment_id`, `assignment_head_url`, `assignment_type`, `assignment_level`, `assignment_name`, `assignment_reward`, `execute_times`, `is_enable`, `is_activity`, `sorts`, `remark`, `ctime`, `utime`, `is_delete`) VALUES ('18', '8', 'https://qnimg.tvlongmao.com/1200b8b182884411acf21b351f2ba353.png', '3', '3', '累计竞猜', '300', '100000', '1', '1', '14', '每天累计押注10w豆，获得300豆', '1509598863', '1509598863', '1');
